order_id,seller_id,sku,order_date,quantity,unit_price_usd,order_total_usd,status,promised_delivery_date,delivered_date,issue_note
ORD-100001,S001,SKU-1023,2026-07-20,1,32.99,32.99,delivered,2026-07-25,2026-07-24,
ORD-100002,S001,SKU-1024,2026-07-20,1,129.99,129.99,delivered,2026-07-25,2026-07-23,
ORD-100003,S001,SKU-1025,2026-07-20,2,37.99,75.98,delivered,2026-07-25,2026-07-23,
ORD-100004,S001,SKU-1072,2026-07-20,3,76.99,230.97,delivered,2026-07-25,2026-07-24,
ORD-100005,S001,SKU-1087,2026-07-20,2,31.99,63.98,delivered,2026-07-25,2026-07-24,
ORD-100006,S001,SKU-1107,2026-07-20,1,24.99,24.99,delivered,2026-07-25,2026-07-24,
ORD-100007,S001,SKU-1137,2026-07-20,1,32.99,32.99,delivered,2026-07-25,2026-07-24,
ORD-100008,S001,SKU-1146,2026-07-20,2,17.99,35.98,delivered,2026-07-25,2026-07-24,
ORD-100009,S002,SKU-2030,2026-07-20,2,21.99,43.98,delivered,2026-07-25,2026-07-25,
ORD-100010,S001,SKU-1001,2026-07-21,1,29.99,29.99,delivered,2026-07-26,2026-08-02,
ORD-100011,S001,SKU-1016,2026-07-21,2,26.99,53.98,delivered,2026-07-26,2026-07-31,
ORD-100012,S001,SKU-1017,2026-07-21,1,27.99,27.99,delivered,2026-07-26,2026-07-26,
ORD-100013,S001,SKU-1062,2026-07-21,3,24.99,74.97,delivered,2026-07-26,2026-07-26,
ORD-100014,S001,SKU-1072,2026-07-21,1,76.99,76.99,delivered,2026-07-26,2026-07-25,
ORD-100015,S001,SKU-1090,2026-07-21,2,22.99,45.98,delivered,2026-07-26,2026-07-26,
ORD-100016,S001,SKU-1111,2026-07-21,1,16.99,16.99,delivered,2026-07-26,2026-07-25,
ORD-100017,S001,SKU-1119,2026-07-21,2,11.99,23.98,delivered,2026-07-26,2026-07-24,
ORD-100018,S002,SKU-2009,2026-07-21,1,16.99,16.99,delivered,2026-07-26,2026-07-25,
ORD-100019,S002,SKU-2027,2026-07-21,2,23.99,47.98,delivered,2026-07-26,2026-07-25,
ORD-100020,S001,SKU-1001,2026-07-22,1,29.99,29.99,delivered,2026-07-27,2026-07-27,
ORD-100021,S001,SKU-1004,2026-07-22,1,19.99,19.99,delivered,2026-07-27,2026-07-26,
ORD-100022,S001,SKU-1006,2026-07-22,1,95.0,95.0,delivered,2026-08-05,2026-08-08,
ORD-100023,S001,SKU-1008,2026-07-22,1,64.5,64.5,delivered,2026-07-27,2026-07-26,
ORD-100024,S001,SKU-1017,2026-07-22,1,27.99,27.99,delivered,2026-07-27,2026-07-26,
ORD-100025,S001,SKU-1027,2026-07-22,1,34.99,34.99,delivered,2026-07-27,2026-07-27,
ORD-100026,S001,SKU-1059,2026-07-22,1,43.99,43.99,delivered,2026-07-27,2026-07-27,
ORD-100027,S001,SKU-1091,2026-07-22,1,22.99,22.99,delivered,2026-07-27,2026-07-26,
ORD-100028,S001,SKU-1095,2026-07-22,1,66.99,66.99,delivered,2026-07-27,2026-07-25,
ORD-100029,S001,SKU-1109,2026-07-22,1,27.99,27.99,delivered,2026-07-27,2026-07-26,
ORD-100030,S001,SKU-1122,2026-07-22,1,16.99,16.99,delivered,2026-07-27,2026-07-26,
ORD-100031,S001,SKU-1001,2026-07-23,1,29.99,29.99,delivered,2026-07-28,2026-07-27,
ORD-100032,S001,SKU-1014,2026-07-23,1,37.99,37.99,delivered,2026-07-28,2026-07-28,
ORD-100033,S001,SKU-1017,2026-07-23,1,27.99,27.99,delivered,2026-07-28,2026-07-26,
ORD-100034,S001,SKU-1023,2026-07-23,1,32.99,32.99,delivered,2026-07-28,2026-07-28,
ORD-100035,S001,SKU-1031,2026-07-23,2,36.99,73.98,delivered,2026-07-28,2026-07-28,
ORD-100036,S001,SKU-1035,2026-07-23,1,53.99,53.99,delivered,2026-07-28,2026-07-26,
ORD-100037,S001,SKU-1043,2026-07-23,2,20.99,41.98,returned,2026-07-28,2026-07-26,Returned by buyer; refund issued
ORD-100038,S001,SKU-1064,2026-07-23,2,11.99,23.98,delivered,2026-07-28,2026-07-26,
ORD-100039,S001,SKU-1142,2026-07-23,1,45.99,45.99,delivered,2026-07-28,2026-07-27,
ORD-100040,S002,SKU-2021,2026-07-23,1,32.99,32.99,delivered,2026-07-28,2026-07-28,
ORD-100041,S002,SKU-2030,2026-07-23,1,21.99,21.99,delivered,2026-07-28,2026-07-26,
ORD-100042,S001,SKU-1001,2026-07-24,1,29.99,29.99,delivered,2026-07-29,2026-07-27,
ORD-100043,S001,SKU-1018,2026-07-24,1,37.99,37.99,delivered,2026-07-29,2026-07-29,
ORD-100044,S001,SKU-1048,2026-07-24,2,37.99,75.98,delivered,2026-07-29,2026-07-27,
ORD-100045,S001,SKU-1053,2026-07-24,1,31.99,31.99,delivered,2026-07-29,2026-07-28,
ORD-100046,S001,SKU-1088,2026-07-24,1,18.99,18.99,delivered,2026-07-29,2026-07-27,
ORD-100047,S001,SKU-1090,2026-07-24,1,22.99,22.99,delivered,2026-07-29,2026-07-28,
ORD-100048,S001,SKU-1097,2026-07-24,1,27.99,27.99,delivered,2026-07-29,2026-07-28,
ORD-100049,S001,SKU-1109,2026-07-24,1,27.99,27.99,delivered,2026-07-29,2026-07-28,
ORD-100050,S001,SKU-1138,2026-07-24,1,26.99,26.99,delivered,2026-07-29,2026-07-27,
ORD-100051,S001,SKU-1142,2026-07-24,2,45.99,91.98,delivered,2026-07-29,2026-07-29,
ORD-100052,S001,SKU-1001,2026-07-25,1,29.99,29.99,delivered,2026-07-30,2026-07-29,
ORD-100053,S001,SKU-1025,2026-07-25,2,37.99,75.98,delivered,2026-07-30,2026-08-06,
ORD-100054,S001,SKU-1040,2026-07-25,2,21.99,43.98,delivered,2026-07-30,2026-07-30,
ORD-100055,S001,SKU-1048,2026-07-25,1,37.99,37.99,delivered,2026-07-30,2026-07-29,
ORD-100056,S001,SKU-1070,2026-07-25,1,46.99,46.99,delivered,2026-07-30,2026-07-30,
ORD-100057,S001,SKU-1072,2026-07-25,1,76.99,76.99,delivered,2026-07-30,2026-07-29,
ORD-100058,S001,SKU-1075,2026-07-25,1,43.99,43.99,delivered,2026-07-30,2026-07-30,
ORD-100059,S001,SKU-1125,2026-07-25,1,32.99,32.99,delivered,2026-07-30,2026-08-03,
ORD-100060,S001,SKU-1126,2026-07-25,1,27.99,27.99,delivered,2026-07-30,2026-07-30,
ORD-100061,S001,SKU-1129,2026-07-25,1,113.99,113.99,delivered,2026-07-30,2026-07-28,
ORD-100062,S001,SKU-1147,2026-07-25,1,49.99,49.99,delivered,2026-07-30,2026-07-28,
ORD-100063,S002,SKU-2006,2026-07-25,1,16.99,16.99,delivered,2026-07-30,2026-07-30,
ORD-100064,S001,SKU-1001,2026-07-26,1,29.99,29.99,delivered,2026-07-31,2026-07-29,
ORD-100065,S001,SKU-1097,2026-07-26,2,27.99,55.98,delivered,2026-07-31,2026-07-29,
ORD-100066,S001,SKU-1098,2026-07-26,1,26.99,26.99,delivered,2026-07-31,2026-07-31,
ORD-100067,S001,SKU-1099,2026-07-26,1,53.99,53.99,delivered,2026-07-31,2026-07-29,
ORD-100068,S001,SKU-1103,2026-07-26,1,82.99,82.99,delivered,2026-07-31,2026-07-31,
ORD-100069,S001,SKU-1106,2026-07-26,2,34.99,69.98,delivered,2026-07-31,2026-07-31,
ORD-100070,S001,SKU-1128,2026-07-26,1,87.99,87.99,delivered,2026-07-31,2026-07-30,
ORD-100071,S001,SKU-1146,2026-07-26,1,17.99,17.99,delivered,2026-07-31,2026-07-29,
ORD-100072,S002,SKU-2008,2026-07-26,1,18.99,18.99,delivered,2026-07-31,2026-07-31,
ORD-100073,S002,SKU-2028,2026-07-26,1,30.99,30.99,delivered,2026-07-31,2026-07-29,
ORD-100074,S001,SKU-1001,2026-07-27,2,29.99,59.98,delivered,2026-08-01,2026-07-31,
ORD-100075,S001,SKU-1002,2026-07-27,1,22.5,22.5,delivered,2026-08-01,2026-07-30,
ORD-100076,S001,SKU-1003,2026-07-27,1,58.0,58.0,delivered,2026-08-01,2026-07-30,
ORD-100077,S001,SKU-1005,2026-07-27,1,27.75,27.75,delivered,2026-08-01,2026-07-30,
ORD-100078,S001,SKU-1014,2026-07-27,1,37.99,37.99,delivered,2026-08-01,2026-07-31,
ORD-100079,S001,SKU-1022,2026-07-27,1,21.99,21.99,delivered,2026-08-01,2026-07-31,
ORD-100080,S001,SKU-1043,2026-07-27,1,20.99,20.99,delivered,2026-08-01,2026-07-30,
ORD-100081,S001,SKU-1045,2026-07-27,1,30.99,30.99,delivered,2026-08-01,2026-08-01,
ORD-100082,S001,SKU-1070,2026-07-27,2,46.99,93.98,delivered,2026-08-01,2026-07-31,
ORD-100083,S001,SKU-1128,2026-07-27,1,87.99,87.99,delivered,2026-08-01,2026-07-30,
ORD-100084,S001,SKU-1129,2026-07-27,1,113.99,113.99,delivered,2026-08-01,2026-08-01,
ORD-100085,S001,SKU-1131,2026-07-27,1,16.99,16.99,delivered,2026-08-01,2026-07-30,
ORD-100086,S002,SKU-2027,2026-07-27,1,23.99,23.99,delivered,2026-08-01,2026-07-31,
ORD-100087,S001,SKU-1001,2026-07-28,1,29.99,29.99,delivered,2026-08-02,2026-08-01,
ORD-100088,S001,SKU-1011,2026-07-28,1,26.99,26.99,delivered,2026-08-02,2026-08-02,
ORD-100089,S001,SKU-1024,2026-07-28,1,129.99,129.99,delivered,2026-08-02,2026-07-31,
ORD-100090,S001,SKU-1035,2026-07-28,1,53.99,53.99,delivered,2026-08-02,2026-07-31,
ORD-100091,S001,SKU-1055,2026-07-28,2,20.99,41.98,delivered,2026-08-02,2026-07-31,
ORD-100092,S001,SKU-1072,2026-07-28,1,76.99,76.99,delivered,2026-08-02,2026-08-02,
ORD-100093,S001,SKU-1075,2026-07-28,3,43.99,131.97,delivered,2026-08-02,2026-07-31,
ORD-100094,S001,SKU-1097,2026-07-28,1,27.99,27.99,delivered,2026-08-02,2026-08-01,
ORD-100095,S001,SKU-1100,2026-07-28,2,32.99,65.98,delivered,2026-08-02,2026-08-01,
ORD-100096,S001,SKU-1108,2026-07-28,1,29.99,29.99,delivered,2026-08-02,2026-07-31,
ORD-100097,S001,SKU-1142,2026-07-28,2,45.99,91.98,delivered,2026-08-02,2026-08-07,
ORD-100098,S002,SKU-2001,2026-07-28,1,25.99,25.99,delivered,2026-08-02,2026-08-02,
ORD-100099,S002,SKU-2012,2026-07-28,1,15.99,15.99,delivered,2026-08-02,2026-08-02,
ORD-100100,S002,SKU-2021,2026-07-28,1,32.99,32.99,delivered,2026-08-02,2026-08-01,
ORD-100101,S002,SKU-2026,2026-07-28,1,20.99,20.99,delivered,2026-08-02,2026-08-08,
ORD-100102,S001,SKU-1001,2026-07-29,2,29.99,59.98,delivered,2026-08-03,2026-08-03,
ORD-100103,S001,SKU-1002,2026-07-29,2,22.5,45.0,delivered,2026-08-03,2026-08-03,
ORD-100104,S001,SKU-1007,2026-07-29,2,31.2,62.4,delivered,2026-08-03,2026-08-03,
ORD-100105,S001,SKU-1029,2026-07-29,1,39.99,39.99,delivered,2026-08-03,2026-08-03,
ORD-100106,S001,SKU-1039,2026-07-29,1,16.99,16.99,delivered,2026-08-03,2026-08-02,
ORD-100107,S001,SKU-1050,2026-07-29,1,21.99,21.99,delivered,2026-08-03,2026-08-01,
ORD-100108,S001,SKU-1052,2026-07-29,1,13.99,13.99,delivered,2026-08-03,2026-08-01,
ORD-100109,S001,SKU-1072,2026-07-29,1,76.99,76.99,delivered,2026-08-03,2026-08-02,
ORD-100110,S001,SKU-1097,2026-07-29,2,27.99,55.98,delivered,2026-08-03,2026-08-03,
ORD-100111,S001,SKU-1100,2026-07-29,1,32.99,32.99,delivered,2026-08-03,2026-08-03,
ORD-100112,S001,SKU-1108,2026-07-29,2,29.99,59.98,delivered,2026-08-03,2026-08-03,
ORD-100113,S001,SKU-1125,2026-07-29,2,32.99,65.98,delivered,2026-08-03,2026-08-01,
ORD-100114,S001,SKU-1126,2026-07-29,1,27.99,27.99,delivered,2026-08-03,2026-08-03,
ORD-100115,S001,SKU-1136,2026-07-29,1,27.99,27.99,delivered,2026-08-03,2026-08-01,
ORD-100116,S002,SKU-2004,2026-07-29,3,13.99,41.97,delivered,2026-08-03,2026-08-01,
ORD-100117,S002,SKU-2011,2026-07-29,3,40.99,122.97,delivered,2026-08-03,2026-08-02,
ORD-100118,S002,SKU-2019,2026-07-29,1,28.99,28.99,delivered,2026-08-03,2026-08-01,
ORD-100119,S002,SKU-2026,2026-07-29,1,20.99,20.99,delivered,2026-08-03,2026-08-03,
ORD-100120,S002,SKU-2027,2026-07-29,2,23.99,47.98,delivered,2026-08-03,2026-08-03,
ORD-100121,S001,SKU-1001,2026-07-30,1,29.99,29.99,delivered,2026-08-04,2026-08-04,
ORD-100122,S001,SKU-1033,2026-07-30,1,30.99,30.99,delivered,2026-08-04,2026-08-02,
ORD-100123,S001,SKU-1052,2026-07-30,1,13.99,13.99,delivered,2026-08-04,2026-08-04,
ORD-100124,S001,SKU-1067,2026-07-30,1,12.99,12.99,delivered,2026-08-04,2026-08-02,
ORD-100125,S001,SKU-1078,2026-07-30,1,56.99,56.99,delivered,2026-08-04,2026-08-03,
ORD-100126,S001,SKU-1084,2026-07-30,1,29.99,29.99,delivered,2026-08-04,2026-08-04,
ORD-100127,S001,SKU-1085,2026-07-30,1,15.99,15.99,delivered,2026-08-04,2026-08-02,
ORD-100128,S001,SKU-1087,2026-07-30,1,31.99,31.99,delivered,2026-08-04,2026-08-04,
ORD-100129,S001,SKU-1111,2026-07-30,1,16.99,16.99,delivered,2026-08-04,2026-08-02,
ORD-100130,S001,SKU-1130,2026-07-30,1,60.99,60.99,delivered,2026-08-04,2026-08-04,
ORD-100131,S001,SKU-1136,2026-07-30,1,27.99,27.99,delivered,2026-08-04,2026-08-03,
ORD-100132,S001,SKU-1139,2026-07-30,1,18.99,18.99,delivered,2026-08-04,2026-08-03,
ORD-100133,S001,SKU-1001,2026-07-31,1,29.99,29.99,delivered,2026-08-05,2026-08-04,
ORD-100134,S001,SKU-1025,2026-07-31,1,37.99,37.99,delivered,2026-08-05,2026-08-05,
ORD-100135,S001,SKU-1033,2026-07-31,1,30.99,30.99,delivered,2026-08-05,2026-08-05,
ORD-100136,S001,SKU-1041,2026-07-31,2,57.99,115.98,delivered,2026-08-05,2026-08-03,
ORD-100137,S001,SKU-1056,2026-07-31,3,15.99,47.97,delivered,2026-08-05,2026-08-04,
ORD-100138,S001,SKU-1071,2026-07-31,2,19.99,39.98,delivered,2026-08-05,2026-08-04,
ORD-100139,S001,SKU-1102,2026-07-31,1,14.99,14.99,delivered,2026-08-05,2026-08-04,
ORD-100140,S001,SKU-1114,2026-07-31,1,15.99,15.99,delivered,2026-08-05,2026-08-04,
ORD-100141,S001,SKU-1129,2026-07-31,1,113.99,113.99,delivered,2026-08-05,2026-08-05,
ORD-100142,S001,SKU-1138,2026-07-31,1,26.99,26.99,delivered,2026-08-05,2026-08-05,
ORD-100143,S001,SKU-1141,2026-07-31,1,21.99,21.99,delivered,2026-08-05,2026-08-05,
ORD-100144,S002,SKU-2020,2026-07-31,2,29.99,59.98,delivered,2026-08-05,2026-08-03,
ORD-100145,S002,SKU-2023,2026-07-31,2,34.99,69.98,delivered,2026-08-05,2026-08-08,
ORD-100146,S001,SKU-1001,2026-08-01,1,29.99,29.99,delivered,2026-08-06,2026-08-04,
ORD-100147,S001,SKU-1021,2026-08-01,1,43.99,43.99,delivered,2026-08-06,2026-08-04,
ORD-100148,S001,SKU-1023,2026-08-01,1,32.99,32.99,delivered,2026-08-06,2026-08-06,
ORD-100149,S001,SKU-1038,2026-08-01,1,26.99,26.99,delivered,2026-08-06,2026-08-05,
ORD-100150,S001,SKU-1053,2026-08-01,1,31.99,31.99,delivered,2026-08-06,2026-08-10,
ORD-100151,S001,SKU-1069,2026-08-01,1,29.99,29.99,delivered,2026-08-06,2026-08-14,
ORD-100152,S001,SKU-1087,2026-08-01,2,31.99,63.98,delivered,2026-08-06,2026-08-05,
ORD-100153,S001,SKU-1109,2026-08-01,1,27.99,27.99,delivered,2026-08-06,2026-08-04,
ORD-100154,S001,SKU-1126,2026-08-01,1,27.99,27.99,delivered,2026-08-06,2026-08-05,
ORD-100155,S001,SKU-1143,2026-08-01,1,69.99,69.99,delivered,2026-08-06,2026-08-06,
ORD-100156,S001,SKU-1150,2026-08-01,2,22.99,45.98,delivered,2026-08-06,2026-08-05,
ORD-100157,S001,SKU-1001,2026-08-02,2,29.99,59.98,delivered,2026-08-07,2026-08-05,
ORD-100158,S001,SKU-1006,2026-08-02,1,95.0,95.0,delivered,2026-08-16,2026-08-22,
ORD-100159,S001,SKU-1014,2026-08-02,1,37.99,37.99,delivered,2026-08-07,2026-08-07,
ORD-100160,S001,SKU-1024,2026-08-02,2,129.99,259.98,delivered,2026-08-07,2026-08-05,
ORD-100161,S001,SKU-1039,2026-08-02,1,16.99,16.99,delivered,2026-08-07,2026-08-06,
ORD-100162,S001,SKU-1065,2026-08-02,2,15.99,31.98,delivered,2026-08-07,2026-08-05,
ORD-100163,S001,SKU-1094,2026-08-02,2,21.99,43.98,delivered,2026-08-07,2026-08-07,
ORD-100164,S001,SKU-1102,2026-08-02,2,14.99,29.98,delivered,2026-08-07,2026-08-05,
ORD-100165,S001,SKU-1119,2026-08-02,1,11.99,11.99,delivered,2026-08-07,2026-08-15,
ORD-100166,S001,SKU-1130,2026-08-02,1,60.99,60.99,delivered,2026-08-07,2026-08-05,
ORD-100167,S001,SKU-1131,2026-08-02,1,16.99,16.99,delivered,2026-08-07,2026-08-10,
ORD-100168,S002,SKU-2004,2026-08-02,2,13.99,27.98,returned,2026-08-07,2026-08-07,Returned by buyer; refund issued
ORD-100169,S002,SKU-2028,2026-08-02,1,30.99,30.99,delivered,2026-08-07,2026-08-06,
ORD-100170,S001,SKU-1001,2026-08-03,1,29.99,29.99,delivered,2026-08-08,2026-08-08,
ORD-100171,S001,SKU-1010,2026-08-03,1,42.0,42.0,delivered,2026-08-08,2026-08-06,
ORD-100172,S001,SKU-1036,2026-08-03,1,13.99,13.99,delivered,2026-08-08,2026-08-06,
ORD-100173,S001,SKU-1063,2026-08-03,1,52.99,52.99,delivered,2026-08-08,2026-08-12,
ORD-100174,S001,SKU-1070,2026-08-03,3,46.99,140.97,delivered,2026-08-08,2026-08-07,
ORD-100175,S001,SKU-1105,2026-08-03,1,37.99,37.99,delivered,2026-08-08,2026-08-08,
ORD-100176,S001,SKU-1134,2026-08-03,1,16.99,16.99,delivered,2026-08-08,2026-08-08,
ORD-100177,S001,SKU-1139,2026-08-03,1,18.99,18.99,delivered,2026-08-08,2026-08-08,
ORD-100178,S001,SKU-1142,2026-08-03,1,45.99,45.99,delivered,2026-08-08,2026-08-06,
ORD-100179,S002,SKU-2021,2026-08-03,1,32.99,32.99,delivered,2026-08-08,2026-08-07,
ORD-100180,S001,SKU-1001,2026-08-04,1,29.99,29.99,delivered,2026-08-09,2026-08-09,
ORD-100181,S001,SKU-1022,2026-08-04,1,21.99,21.99,delivered,2026-08-09,2026-08-07,
ORD-100182,S001,SKU-1023,2026-08-04,1,32.99,32.99,delivered,2026-08-09,2026-08-09,
ORD-100183,S001,SKU-1029,2026-08-04,2,39.99,79.98,delivered,2026-08-09,2026-08-08,
ORD-100184,S001,SKU-1034,2026-08-04,1,23.99,23.99,delivered,2026-08-09,2026-08-09,
ORD-100185,S001,SKU-1045,2026-08-04,1,30.99,30.99,delivered,2026-08-09,2026-08-07,
ORD-100186,S001,SKU-1075,2026-08-04,1,43.99,43.99,delivered,2026-08-09,2026-08-07,
ORD-100187,S001,SKU-1110,2026-08-04,2,32.99,65.98,delivered,2026-08-09,2026-08-08,
ORD-100188,S001,SKU-1125,2026-08-04,1,32.99,32.99,delivered,2026-08-09,2026-08-09,
ORD-100189,S001,SKU-1129,2026-08-04,1,113.99,113.99,delivered,2026-08-09,2026-08-09,
ORD-100190,S002,SKU-2019,2026-08-04,2,28.99,57.98,delivered,2026-08-09,2026-08-07,
ORD-100191,S001,SKU-1001,2026-08-05,1,29.99,29.99,delivered,2026-08-10,2026-08-09,
ORD-100192,S001,SKU-1016,2026-08-05,1,26.99,26.99,delivered,2026-08-10,2026-08-09,
ORD-100193,S001,SKU-1053,2026-08-05,1,31.99,31.99,delivered,2026-08-10,2026-08-09,
ORD-100194,S001,SKU-1070,2026-08-05,1,46.99,46.99,delivered,2026-08-10,2026-08-10,
ORD-100195,S001,SKU-1071,2026-08-05,2,19.99,39.98,delivered,2026-08-10,2026-08-09,
ORD-100196,S001,SKU-1111,2026-08-05,3,16.99,50.97,delivered,2026-08-10,2026-08-10,
ORD-100197,S001,SKU-1125,2026-08-05,2,32.99,65.98,delivered,2026-08-10,2026-08-09,
ORD-100198,S001,SKU-1129,2026-08-05,3,113.99,341.97,delivered,2026-08-10,2026-08-09,
ORD-100199,S001,SKU-1132,2026-08-05,1,15.99,15.99,delivered,2026-08-10,2026-08-08,
ORD-100200,S001,SKU-1150,2026-08-05,2,22.99,45.98,delivered,2026-08-10,2026-08-09,
ORD-100201,S002,SKU-2001,2026-08-05,1,25.99,25.99,delivered,2026-08-10,2026-08-09,
ORD-100202,S002,SKU-2010,2026-08-05,1,32.99,32.99,delivered,2026-08-10,2026-08-08,
ORD-100203,S001,SKU-1001,2026-08-06,1,29.99,29.99,delivered,2026-08-11,2026-08-09,
ORD-100204,S001,SKU-1025,2026-08-06,1,37.99,37.99,delivered,2026-08-11,2026-08-15,
ORD-100205,S001,SKU-1026,2026-08-06,1,21.99,21.99,delivered,2026-08-11,2026-08-11,
ORD-100206,S001,SKU-1050,2026-08-06,1,21.99,21.99,delivered,2026-08-11,2026-08-09,
ORD-100207,S001,SKU-1099,2026-08-06,2,53.99,107.98,delivered,2026-08-11,2026-08-10,
ORD-100208,S001,SKU-1114,2026-08-06,1,15.99,15.99,delivered,2026-08-11,2026-08-10,
ORD-100209,S001,SKU-1122,2026-08-06,1,16.99,16.99,delivered,2026-08-11,2026-08-10,
ORD-100210,S001,SKU-1132,2026-08-06,1,15.99,15.99,delivered,2026-08-11,2026-08-09,
ORD-100211,S001,SKU-1135,2026-08-06,1,40.99,40.99,delivered,2026-08-11,2026-08-10,
ORD-100212,S001,SKU-1001,2026-08-07,1,29.99,29.99,delivered,2026-08-12,2026-08-10,
ORD-100213,S001,SKU-1004,2026-08-07,1,19.99,19.99,delivered,2026-08-12,2026-08-11,
ORD-100214,S001,SKU-1025,2026-08-07,1,37.99,37.99,delivered,2026-08-12,2026-08-10,
ORD-100215,S001,SKU-1036,2026-08-07,1,13.99,13.99,delivered,2026-08-12,2026-08-10,
ORD-100216,S001,SKU-1037,2026-08-07,1,103.99,103.99,delivered,2026-08-12,2026-08-11,
ORD-100217,S001,SKU-1039,2026-08-07,1,16.99,16.99,delivered,2026-08-12,2026-08-11,
ORD-100218,S001,SKU-1047,2026-08-07,1,18.99,18.99,delivered,2026-08-12,2026-08-12,
ORD-100219,S001,SKU-1076,2026-08-07,1,23.99,23.99,delivered,2026-08-12,2026-08-12,
ORD-100220,S001,SKU-1109,2026-08-07,2,27.99,55.98,delivered,2026-08-12,2026-08-17,
ORD-100221,S001,SKU-1132,2026-08-07,1,15.99,15.99,delivered,2026-08-12,2026-08-12,
ORD-100222,S001,SKU-1136,2026-08-07,1,27.99,27.99,delivered,2026-08-12,2026-08-12,
ORD-100223,S002,SKU-2006,2026-08-07,1,16.99,16.99,delivered,2026-08-12,2026-08-12,
ORD-100224,S001,SKU-1001,2026-08-08,1,29.99,29.99,delivered,2026-08-13,2026-08-11,
ORD-100225,S001,SKU-1004,2026-08-08,1,19.99,19.99,delivered,2026-08-13,2026-08-11,
ORD-100226,S001,SKU-1005,2026-08-08,1,27.75,27.75,delivered,2026-08-13,2026-08-13,
ORD-100227,S001,SKU-1012,2026-08-08,2,12.99,25.98,delivered,2026-08-13,2026-08-11,
ORD-100228,S001,SKU-1014,2026-08-08,1,37.99,37.99,delivered,2026-08-13,2026-08-13,
ORD-100229,S001,SKU-1015,2026-08-08,1,18.99,18.99,delivered,2026-08-13,2026-08-12,
ORD-100230,S001,SKU-1016,2026-08-08,1,26.99,26.99,delivered,2026-08-13,2026-08-11,
ORD-100231,S001,SKU-1024,2026-08-08,2,129.99,259.98,delivered,2026-08-13,2026-08-12,
ORD-100232,S001,SKU-1035,2026-08-08,1,53.99,53.99,delivered,2026-08-13,2026-08-11,
ORD-100233,S001,SKU-1055,2026-08-08,1,20.99,20.99,delivered,2026-08-13,2026-08-13,
ORD-100234,S001,SKU-1059,2026-08-08,1,43.99,43.99,returned,2026-08-13,2026-08-13,Returned by buyer; refund issued
ORD-100235,S001,SKU-1066,2026-08-08,1,50.99,50.99,delivered,2026-08-13,2026-08-11,
ORD-100236,S001,SKU-1083,2026-08-08,1,18.99,18.99,delivered,2026-08-13,2026-08-11,
ORD-100237,S001,SKU-1092,2026-08-08,3,27.99,83.97,delivered,2026-08-13,2026-08-13,
ORD-100238,S001,SKU-1099,2026-08-08,1,53.99,53.99,delivered,2026-08-13,2026-08-13,
ORD-100239,S001,SKU-1105,2026-08-08,1,37.99,37.99,returned,2026-08-13,2026-08-11,Returned by buyer; refund issued
ORD-100240,S001,SKU-1123,2026-08-08,2,20.99,41.98,delivered,2026-08-13,2026-08-11,
ORD-100241,S001,SKU-1129,2026-08-08,2,113.99,227.98,delivered,2026-08-13,2026-08-13,
ORD-100242,S001,SKU-1137,2026-08-08,1,32.99,32.99,delivered,2026-08-13,2026-08-13,
ORD-100243,S001,SKU-1150,2026-08-08,1,22.99,22.99,delivered,2026-08-13,2026-08-12,
ORD-100244,S001,SKU-1001,2026-08-09,2,29.99,59.98,delivered,2026-08-14,2026-08-14,
ORD-100245,S001,SKU-1077,2026-08-09,1,121.99,121.99,delivered,2026-08-14,2026-08-14,
ORD-100246,S001,SKU-1097,2026-08-09,1,27.99,27.99,delivered,2026-08-14,2026-08-13,
ORD-100247,S001,SKU-1112,2026-08-09,1,31.99,31.99,delivered,2026-08-14,2026-08-12,
ORD-100248,S001,SKU-1130,2026-08-09,1,60.99,60.99,delivered,2026-08-14,2026-08-12,
ORD-100249,S001,SKU-1134,2026-08-09,1,16.99,16.99,delivered,2026-08-14,2026-08-13,
ORD-100250,S002,SKU-2003,2026-08-09,1,22.99,22.99,delivered,2026-08-14,2026-08-14,
ORD-100251,S002,SKU-2008,2026-08-09,1,18.99,18.99,delivered,2026-08-14,2026-08-12,
ORD-100252,S002,SKU-2017,2026-08-09,3,17.99,53.97,delivered,2026-08-14,2026-08-12,
ORD-100253,S001,SKU-1001,2026-08-10,1,29.99,29.99,delivered,2026-08-15,2026-08-14,
ORD-100254,S001,SKU-1036,2026-08-10,1,13.99,13.99,delivered,2026-08-15,2026-08-14,
ORD-100255,S001,SKU-1042,2026-08-10,1,32.99,32.99,delivered,2026-08-15,2026-08-13,
ORD-100256,S001,SKU-1086,2026-08-10,1,32.99,32.99,returned,2026-08-15,2026-08-14,Returned by buyer; refund issued
ORD-100257,S001,SKU-1090,2026-08-10,1,22.99,22.99,delivered,2026-08-15,2026-08-14,
ORD-100258,S001,SKU-1100,2026-08-10,3,32.99,98.97,delivered,2026-08-15,2026-08-14,
ORD-100259,S001,SKU-1105,2026-08-10,3,37.99,113.97,delivered,2026-08-15,2026-08-14,
ORD-100260,S001,SKU-1119,2026-08-10,1,11.99,11.99,delivered,2026-08-15,2026-08-15,
ORD-100261,S001,SKU-1120,2026-08-10,3,24.99,74.97,delivered,2026-08-15,2026-08-14,
ORD-100262,S001,SKU-1130,2026-08-10,1,60.99,60.99,delivered,2026-08-15,2026-08-13,
ORD-100263,S001,SKU-1136,2026-08-10,1,27.99,27.99,delivered,2026-08-15,2026-08-15,
ORD-100264,S001,SKU-1138,2026-08-10,1,26.99,26.99,delivered,2026-08-15,2026-08-15,
ORD-100265,S001,SKU-1146,2026-08-10,1,17.99,17.99,delivered,2026-08-15,2026-08-15,
ORD-100266,S002,SKU-2019,2026-08-10,2,28.99,57.98,returned,2026-08-15,2026-08-15,Returned by buyer; refund issued
ORD-100267,S002,SKU-2021,2026-08-10,1,32.99,32.99,delivered,2026-08-15,2026-08-13,
ORD-100268,S001,SKU-1001,2026-08-11,1,29.99,29.99,delivered,2026-08-16,2026-08-14,
ORD-100269,S001,SKU-1007,2026-08-11,1,31.2,31.2,delivered,2026-08-16,2026-08-14,
ORD-100270,S001,SKU-1016,2026-08-11,1,26.99,26.99,delivered,2026-08-16,2026-08-15,
ORD-100271,S001,SKU-1027,2026-08-11,1,34.99,34.99,delivered,2026-08-16,2026-08-16,
ORD-100272,S001,SKU-1057,2026-08-11,1,74.99,74.99,delivered,2026-08-16,2026-08-15,
ORD-100273,S001,SKU-1074,2026-08-11,1,26.99,26.99,delivered,2026-08-16,2026-08-16,
ORD-100274,S001,SKU-1080,2026-08-11,3,13.99,41.97,delivered,2026-08-16,2026-08-22,
ORD-100275,S001,SKU-1086,2026-08-11,1,32.99,32.99,delivered,2026-08-16,2026-08-16,
ORD-100276,S001,SKU-1092,2026-08-11,1,27.99,27.99,delivered,2026-08-16,2026-08-15,
ORD-100277,S001,SKU-1094,2026-08-11,1,21.99,21.99,delivered,2026-08-16,2026-08-14,
ORD-100278,S001,SKU-1100,2026-08-11,2,32.99,65.98,delivered,2026-08-16,2026-08-16,
ORD-100279,S001,SKU-1117,2026-08-11,1,9.99,9.99,delivered,2026-08-16,2026-08-14,
ORD-100280,S001,SKU-1122,2026-08-11,1,16.99,16.99,delivered,2026-08-16,2026-08-14,
ORD-100281,S001,SKU-1130,2026-08-11,1,60.99,60.99,delivered,2026-08-16,2026-08-14,
ORD-100282,S001,SKU-1001,2026-08-12,1,29.99,29.99,delivered,2026-08-17,2026-08-16,
ORD-100283,S001,SKU-1002,2026-08-12,1,22.5,22.5,delivered,2026-08-17,2026-08-17,
ORD-100284,S001,SKU-1026,2026-08-12,2,21.99,43.98,delivered,2026-08-17,2026-08-16,
ORD-100285,S001,SKU-1046,2026-08-12,1,21.99,21.99,delivered,2026-08-17,2026-08-17,
ORD-100286,S001,SKU-1048,2026-08-12,1,37.99,37.99,delivered,2026-08-17,2026-08-17,
ORD-100287,S001,SKU-1051,2026-08-12,2,21.99,43.98,delivered,2026-08-17,2026-08-17,
ORD-100288,S001,SKU-1056,2026-08-12,1,15.99,15.99,delivered,2026-08-17,2026-08-15,
ORD-100289,S001,SKU-1063,2026-08-12,1,52.99,52.99,delivered,2026-08-17,2026-08-16,
ORD-100290,S001,SKU-1071,2026-08-12,1,19.99,19.99,delivered,2026-08-17,2026-08-15,
ORD-100291,S001,SKU-1072,2026-08-12,3,76.99,230.97,returned,2026-08-17,2026-08-17,Returned by buyer; refund issued
ORD-100292,S001,SKU-1100,2026-08-12,2,32.99,65.98,delivered,2026-08-17,2026-08-17,
ORD-100293,S001,SKU-1110,2026-08-12,1,32.99,32.99,delivered,2026-08-17,2026-08-17,
ORD-100294,S001,SKU-1137,2026-08-12,1,32.99,32.99,delivered,2026-08-17,2026-08-16,
ORD-100295,S002,SKU-2005,2026-08-12,1,19.99,19.99,delivered,2026-08-17,2026-08-17,
ORD-100296,S002,SKU-2011,2026-08-12,2,40.99,81.98,delivered,2026-08-17,2026-08-15,
ORD-100297,S002,SKU-2019,2026-08-12,2,28.99,57.98,delivered,2026-08-17,2026-08-17,
ORD-100298,S002,SKU-2020,2026-08-12,1,29.99,29.99,delivered,2026-08-17,2026-08-16,
ORD-100299,S001,SKU-1001,2026-08-13,1,29.99,29.99,delivered,2026-08-18,2026-08-17,
ORD-100300,S001,SKU-1010,2026-08-13,1,42.0,42.0,delivered,2026-08-18,2026-08-17,
ORD-100301,S001,SKU-1036,2026-08-13,1,13.99,13.99,delivered,2026-08-18,2026-08-17,
ORD-100302,S001,SKU-1087,2026-08-13,1,31.99,31.99,returned,2026-08-18,2026-08-16,Returned by buyer; refund issued
ORD-100303,S001,SKU-1104,2026-08-13,2,84.99,169.98,delivered,2026-08-18,2026-08-18,
ORD-100304,S001,SKU-1134,2026-08-13,2,16.99,33.98,delivered,2026-08-18,2026-08-16,
ORD-100305,S001,SKU-1141,2026-08-13,1,21.99,21.99,delivered,2026-08-18,2026-08-17,
ORD-100306,S001,SKU-1146,2026-08-13,1,17.99,17.99,delivered,2026-08-18,2026-08-17,
ORD-100307,S001,SKU-1001,2026-08-14,1,29.99,29.99,delivered,2026-08-19,2026-08-18,
ORD-100308,S001,SKU-1058,2026-08-14,2,134.99,269.98,delivered,2026-08-19,2026-08-17,
ORD-100309,S001,SKU-1062,2026-08-14,2,24.99,49.98,delivered,2026-08-19,2026-08-17,
ORD-100310,S001,SKU-1063,2026-08-14,3,52.99,158.97,delivered,2026-08-19,2026-08-17,
ORD-100311,S001,SKU-1104,2026-08-14,3,84.99,254.97,delivered,2026-08-19,2026-08-17,
ORD-100312,S002,SKU-2001,2026-08-14,1,25.99,25.99,delivered,2026-08-19,2026-08-17,
ORD-100313,S002,SKU-2003,2026-08-14,1,22.99,22.99,delivered,2026-08-19,2026-08-17,
ORD-100314,S001,SKU-1001,2026-08-15,2,29.99,59.98,delivered,2026-08-20,2026-08-20,
ORD-100315,S001,SKU-1003,2026-08-15,1,58.0,58.0,delivered,2026-08-20,2026-08-20,
ORD-100316,S001,SKU-1006,2026-08-15,1,95.0,95.0,delivered,2026-08-29,2026-09-04,
ORD-100317,S001,SKU-1026,2026-08-15,3,21.99,65.97,delivered,2026-08-20,2026-08-19,
ORD-100318,S001,SKU-1030,2026-08-15,1,24.99,24.99,delivered,2026-08-20,2026-08-18,
ORD-100319,S001,SKU-1037,2026-08-15,2,103.99,207.98,delivered,2026-08-20,2026-08-19,
ORD-100320,S001,SKU-1059,2026-08-15,1,43.99,43.99,delivered,2026-08-20,2026-08-19,
ORD-100321,S001,SKU-1075,2026-08-15,1,43.99,43.99,delivered,2026-08-20,2026-08-20,
ORD-100322,S001,SKU-1098,2026-08-15,2,26.99,53.98,delivered,2026-08-20,2026-08-20,
ORD-100323,S001,SKU-1100,2026-08-15,1,32.99,32.99,delivered,2026-08-20,2026-08-18,
ORD-100324,S001,SKU-1105,2026-08-15,1,37.99,37.99,delivered,2026-08-20,2026-08-19,
ORD-100325,S001,SKU-1108,2026-08-15,3,29.99,89.97,delivered,2026-08-20,2026-08-19,
ORD-100326,S001,SKU-1114,2026-08-15,1,15.99,15.99,delivered,2026-08-20,2026-08-20,
ORD-100327,S001,SKU-1123,2026-08-15,1,20.99,20.99,delivered,2026-08-20,2026-08-19,
ORD-100328,S001,SKU-1146,2026-08-15,1,17.99,17.99,delivered,2026-08-20,2026-08-20,
ORD-100329,S002,SKU-2001,2026-08-15,1,25.99,25.99,delivered,2026-08-20,2026-08-19,
ORD-100330,S002,SKU-2020,2026-08-15,1,29.99,29.99,delivered,2026-08-20,2026-08-20,
ORD-100331,S002,SKU-2021,2026-08-15,1,32.99,32.99,delivered,2026-08-20,2026-08-19,
ORD-100332,S001,SKU-1001,2026-08-16,1,29.99,29.99,delivered,2026-08-21,2026-08-21,
ORD-100333,S001,SKU-1002,2026-08-16,1,22.5,22.5,delivered,2026-08-21,2026-08-29,
ORD-100334,S001,SKU-1017,2026-08-16,1,27.99,27.99,delivered,2026-08-21,2026-08-25,
ORD-100335,S001,SKU-1040,2026-08-16,1,21.99,21.99,delivered,2026-08-21,2026-08-20,
ORD-100336,S001,SKU-1056,2026-08-16,2,15.99,31.98,delivered,2026-08-21,2026-08-20,
ORD-100337,S001,SKU-1084,2026-08-16,1,29.99,29.99,delivered,2026-08-21,2026-08-21,
ORD-100338,S001,SKU-1091,2026-08-16,2,22.99,45.98,delivered,2026-08-21,2026-08-21,
ORD-100339,S001,SKU-1109,2026-08-16,1,27.99,27.99,delivered,2026-08-21,2026-08-20,
ORD-100340,S001,SKU-1135,2026-08-16,2,40.99,81.98,delivered,2026-08-21,2026-08-20,
ORD-100341,S001,SKU-1136,2026-08-16,1,27.99,27.99,delivered,2026-08-21,2026-08-20,
ORD-100342,S002,SKU-2009,2026-08-16,2,16.99,33.98,delivered,2026-08-21,2026-08-19,
ORD-100343,S001,SKU-1001,2026-08-17,2,29.99,59.98,delivered,2026-08-22,2026-08-20,
ORD-100344,S001,SKU-1006,2026-08-17,1,95.0,95.0,delivered,2026-08-31,2026-09-06,
ORD-100345,S001,SKU-1017,2026-08-17,2,27.99,55.98,delivered,2026-08-22,2026-08-22,
ORD-100346,S001,SKU-1030,2026-08-17,1,24.99,24.99,delivered,2026-08-22,2026-08-20,
ORD-100347,S001,SKU-1051,2026-08-17,1,21.99,21.99,delivered,2026-08-22,2026-08-21,
ORD-100348,S001,SKU-1084,2026-08-17,1,29.99,29.99,delivered,2026-08-22,2026-08-21,
ORD-100349,S001,SKU-1088,2026-08-17,2,18.99,37.98,delivered,2026-08-22,2026-08-22,
ORD-100350,S001,SKU-1090,2026-08-17,1,22.99,22.99,delivered,2026-08-22,2026-08-22,
ORD-100351,S001,SKU-1135,2026-08-17,2,40.99,81.98,delivered,2026-08-22,2026-08-20,
ORD-100352,S001,SKU-1137,2026-08-17,1,32.99,32.99,delivered,2026-08-22,2026-08-20,
ORD-100353,S001,SKU-1139,2026-08-17,1,18.99,18.99,delivered,2026-08-22,2026-08-20,
ORD-100354,S001,SKU-1142,2026-08-17,1,45.99,45.99,delivered,2026-08-22,2026-08-21,
ORD-100355,S001,SKU-1146,2026-08-17,3,17.99,53.97,delivered,2026-08-22,2026-08-20,
ORD-100356,S001,SKU-1001,2026-08-18,3,29.99,89.97,delivered,2026-08-23,2026-08-23,
ORD-100357,S001,SKU-1006,2026-08-18,1,89.0,89.0,delivered,2026-09-01,2026-09-08,
ORD-100358,S001,SKU-1008,2026-08-18,2,64.5,129.0,delivered,2026-08-23,2026-08-21,
ORD-100359,S001,SKU-1043,2026-08-18,1,20.99,20.99,delivered,2026-08-23,2026-08-21,
ORD-100360,S001,SKU-1050,2026-08-18,2,21.99,43.98,delivered,2026-08-23,2026-08-21,
ORD-100361,S001,SKU-1061,2026-08-18,1,50.99,50.99,delivered,2026-08-23,2026-08-21,
ORD-100362,S001,SKU-1063,2026-08-18,1,52.99,52.99,delivered,2026-08-23,2026-08-21,
ORD-100363,S001,SKU-1066,2026-08-18,1,50.99,50.99,delivered,2026-08-23,2026-08-21,
ORD-100364,S001,SKU-1097,2026-08-18,2,27.99,55.98,delivered,2026-08-23,2026-08-22,
ORD-100365,S001,SKU-1107,2026-08-18,1,24.99,24.99,delivered,2026-08-23,2026-08-21,
ORD-100366,S001,SKU-1120,2026-08-18,2,24.99,49.98,delivered,2026-08-23,2026-08-22,
ORD-100367,S001,SKU-1139,2026-08-18,2,18.99,37.98,delivered,2026-08-23,2026-08-30,
ORD-100368,S001,SKU-1150,2026-08-18,1,22.99,22.99,delivered,2026-08-23,2026-08-21,
ORD-100369,S002,SKU-2009,2026-08-18,2,16.99,33.98,delivered,2026-08-23,2026-08-21,
ORD-100370,S001,SKU-1004,2026-08-19,1,19.99,19.99,delivered,2026-08-24,2026-08-22,
ORD-100371,S001,SKU-1024,2026-08-19,1,129.99,129.99,delivered,2026-08-24,2026-08-28,
ORD-100372,S001,SKU-1034,2026-08-19,1,23.99,23.99,delivered,2026-08-24,2026-08-22,
ORD-100373,S001,SKU-1040,2026-08-19,1,21.99,21.99,delivered,2026-08-24,2026-08-23,
ORD-100374,S001,SKU-1047,2026-08-19,1,18.99,18.99,delivered,2026-08-24,2026-08-24,
ORD-100375,S001,SKU-1115,2026-08-19,1,18.99,18.99,delivered,2026-08-24,2026-08-23,
ORD-100376,S001,SKU-1125,2026-08-19,2,32.99,65.98,delivered,2026-08-24,2026-08-22,
ORD-100377,S002,SKU-2001,2026-08-19,1,25.99,25.99,delivered,2026-08-24,2026-08-24,
ORD-100378,S002,SKU-2020,2026-08-19,1,29.99,29.99,delivered,2026-08-24,2026-08-23,
ORD-100379,S002,SKU-2021,2026-08-19,2,32.99,65.98,delivered,2026-08-24,2026-08-23,
ORD-100380,S002,SKU-2030,2026-08-19,1,21.99,21.99,delivered,2026-08-24,2026-08-23,
ORD-100381,S001,SKU-1001,2026-08-20,2,29.99,59.98,delivered,2026-08-25,2026-08-24,
ORD-100382,S001,SKU-1006,2026-08-20,1,89.0,89.0,delivered,2026-09-03,2026-09-09,
ORD-100383,S001,SKU-1014,2026-08-20,1,37.99,37.99,delivered,2026-08-25,2026-08-24,
ORD-100384,S001,SKU-1017,2026-08-20,1,27.99,27.99,delivered,2026-08-25,2026-08-25,
ORD-100385,S001,SKU-1047,2026-08-20,1,18.99,18.99,delivered,2026-08-25,2026-08-24,
ORD-100386,S001,SKU-1062,2026-08-20,2,24.99,49.98,delivered,2026-08-25,2026-08-23,
ORD-100387,S001,SKU-1078,2026-08-20,1,56.99,56.99,delivered,2026-08-25,2026-08-23,
ORD-100388,S001,SKU-1083,2026-08-20,1,18.99,18.99,delivered,2026-08-25,2026-08-24,
ORD-100389,S001,SKU-1086,2026-08-20,1,32.99,32.99,delivered,2026-08-25,2026-08-24,
ORD-100390,S001,SKU-1090,2026-08-20,1,22.99,22.99,delivered,2026-08-25,2026-08-23,
ORD-100391,S001,SKU-1093,2026-08-20,1,18.99,18.99,delivered,2026-08-25,2026-08-25,
ORD-100392,S001,SKU-1094,2026-08-20,1,21.99,21.99,delivered,2026-08-25,2026-08-23,
ORD-100393,S001,SKU-1103,2026-08-20,1,82.99,82.99,delivered,2026-08-25,2026-08-25,
ORD-100394,S001,SKU-1134,2026-08-20,2,16.99,33.98,delivered,2026-08-25,2026-08-24,
ORD-100395,S002,SKU-2008,2026-08-20,2,18.99,37.98,delivered,2026-08-25,2026-08-23,
ORD-100396,S002,SKU-2021,2026-08-20,1,32.99,32.99,delivered,2026-08-25,2026-08-25,
ORD-100397,S001,SKU-1001,2026-08-21,1,29.99,29.99,delivered,2026-08-26,2026-08-25,
ORD-100398,S001,SKU-1004,2026-08-21,2,19.99,39.98,delivered,2026-08-26,2026-08-26,
ORD-100399,S001,SKU-1005,2026-08-21,2,27.75,55.5,delivered,2026-08-26,2026-08-24,
ORD-100400,S001,SKU-1063,2026-08-21,2,52.99,105.98,delivered,2026-08-26,2026-08-25,
ORD-100401,S001,SKU-1072,2026-08-21,2,76.99,153.98,delivered,2026-08-26,2026-08-24,
ORD-100402,S001,SKU-1100,2026-08-21,1,32.99,32.99,delivered,2026-08-26,2026-08-24,
ORD-100403,S001,SKU-1127,2026-08-21,1,22.99,22.99,delivered,2026-08-26,2026-08-24,
ORD-100404,S001,SKU-1135,2026-08-21,1,40.99,40.99,delivered,2026-08-26,2026-08-26,
ORD-100405,S002,SKU-2005,2026-08-21,1,19.99,19.99,delivered,2026-08-26,2026-08-26,
ORD-100406,S002,SKU-2028,2026-08-21,2,30.99,61.98,returned,2026-08-26,2026-08-26,Returned by buyer; refund issued
ORD-100407,S001,SKU-1010,2026-08-22,1,42.0,42.0,returned,2026-08-27,2026-08-26,Returned by buyer; refund issued
ORD-100408,S001,SKU-1020,2026-08-22,1,19.99,19.99,delivered,2026-08-27,2026-08-26,
ORD-100409,S001,SKU-1076,2026-08-22,1,23.99,23.99,delivered,2026-08-27,2026-08-25,
ORD-100410,S001,SKU-1096,2026-08-22,2,20.99,41.98,delivered,2026-08-27,2026-08-26,
ORD-100411,S001,SKU-1123,2026-08-22,2,20.99,41.98,delivered,2026-08-27,2026-08-26,
ORD-100412,S001,SKU-1134,2026-08-22,1,16.99,16.99,delivered,2026-08-27,2026-08-27,
ORD-100413,S001,SKU-1136,2026-08-22,1,27.99,27.99,delivered,2026-08-27,2026-08-27,
ORD-100414,S001,SKU-1147,2026-08-22,1,49.99,49.99,delivered,2026-08-27,2026-08-25,
ORD-100415,S002,SKU-2026,2026-08-22,1,20.99,20.99,delivered,2026-08-27,2026-08-26,
ORD-100416,S001,SKU-1001,2026-08-23,1,29.99,29.99,delivered,2026-08-28,2026-08-28,
ORD-100417,S001,SKU-1006,2026-08-23,1,89.0,89.0,delivered,2026-09-06,2026-09-12,
ORD-100418,S001,SKU-1017,2026-08-23,1,27.99,27.99,delivered,2026-08-28,2026-08-26,
ORD-100419,S001,SKU-1037,2026-08-23,3,103.99,311.97,delivered,2026-08-28,2026-08-27,
ORD-100420,S001,SKU-1056,2026-08-23,1,15.99,15.99,delivered,2026-08-28,2026-08-28,
ORD-100421,S001,SKU-1067,2026-08-23,1,12.99,12.99,delivered,2026-08-28,2026-08-26,
ORD-100422,S001,SKU-1111,2026-08-23,1,16.99,16.99,delivered,2026-08-28,2026-08-28,
ORD-100423,S001,SKU-1120,2026-08-23,1,24.99,24.99,delivered,2026-08-28,2026-08-28,
ORD-100424,S001,SKU-1149,2026-08-23,1,31.99,31.99,delivered,2026-08-28,2026-08-28,
ORD-100425,S001,SKU-1001,2026-08-24,1,29.99,29.99,delivered,2026-08-29,2026-08-27,
ORD-100426,S001,SKU-1003,2026-08-24,1,58.0,58.0,delivered,2026-08-29,2026-08-29,
ORD-100427,S001,SKU-1012,2026-08-24,1,12.99,12.99,delivered,2026-08-29,2026-08-28,
ORD-100428,S001,SKU-1020,2026-08-24,1,19.99,19.99,returned,2026-08-29,2026-08-29,Returned by buyer; refund issued
ORD-100429,S001,SKU-1026,2026-08-24,1,21.99,21.99,delivered,2026-08-29,2026-08-29,
ORD-100430,S001,SKU-1027,2026-08-24,2,34.99,69.98,delivered,2026-08-29,2026-08-28,
ORD-100431,S001,SKU-1064,2026-08-24,1,11.99,11.99,delivered,2026-08-29,2026-08-27,
ORD-100432,S001,SKU-1093,2026-08-24,3,18.99,56.97,returned,2026-08-29,2026-08-28,Returned by buyer; refund issued
ORD-100433,S001,SKU-1105,2026-08-24,1,37.99,37.99,delivered,2026-08-29,2026-08-28,
ORD-100434,S001,SKU-1109,2026-08-24,1,27.99,27.99,delivered,2026-08-29,2026-08-28,
ORD-100435,S001,SKU-1111,2026-08-24,1,16.99,16.99,delivered,2026-08-29,2026-08-28,
ORD-100436,S001,SKU-1131,2026-08-24,3,16.99,50.97,delivered,2026-08-29,2026-08-29,
ORD-100437,S002,SKU-2030,2026-08-24,1,21.99,21.99,delivered,2026-08-29,2026-08-29,
ORD-100438,S001,SKU-1014,2026-08-25,1,37.99,37.99,delivered,2026-08-30,2026-08-30,
ORD-100439,S001,SKU-1020,2026-08-25,1,19.99,19.99,delivered,2026-08-30,2026-08-29,
ORD-100440,S001,SKU-1029,2026-08-25,1,39.99,39.99,delivered,2026-08-30,2026-08-29,
ORD-100441,S001,SKU-1053,2026-08-25,1,31.99,31.99,delivered,2026-08-30,2026-08-30,
ORD-100442,S001,SKU-1057,2026-08-25,1,74.99,74.99,delivered,2026-08-30,2026-08-29,
ORD-100443,S001,SKU-1067,2026-08-25,1,12.99,12.99,delivered,2026-08-30,2026-08-30,
ORD-100444,S001,SKU-1070,2026-08-25,1,46.99,46.99,delivered,2026-08-30,2026-08-30,
ORD-100445,S001,SKU-1073,2026-08-25,2,54.99,109.98,delivered,2026-08-30,2026-08-29,
ORD-100446,S001,SKU-1085,2026-08-25,1,15.99,15.99,delivered,2026-08-30,2026-08-30,
ORD-100447,S001,SKU-1100,2026-08-25,1,32.99,32.99,delivered,2026-08-30,2026-08-29,
ORD-100448,S001,SKU-1135,2026-08-25,1,40.99,40.99,delivered,2026-08-30,2026-08-30,
ORD-100449,S002,SKU-2013,2026-08-25,3,32.99,98.97,delivered,2026-08-30,2026-09-06,
ORD-100450,S001,SKU-1001,2026-08-26,1,34.99,34.99,returned,2026-08-31,2026-08-29,Returned by buyer; refund issued
ORD-100451,S001,SKU-1007,2026-08-26,2,31.2,62.4,delivered,2026-08-31,2026-08-31,
ORD-100452,S001,SKU-1012,2026-08-26,2,12.99,25.98,delivered,2026-08-31,2026-08-31,
ORD-100453,S001,SKU-1020,2026-08-26,1,19.99,19.99,delivered,2026-08-31,2026-08-29,
ORD-100454,S001,SKU-1023,2026-08-26,2,32.99,65.98,delivered,2026-08-31,2026-08-30,
ORD-100455,S001,SKU-1051,2026-08-26,1,21.99,21.99,delivered,2026-08-31,2026-08-31,
ORD-100456,S001,SKU-1053,2026-08-26,1,31.99,31.99,delivered,2026-08-31,2026-09-05,
ORD-100457,S001,SKU-1059,2026-08-26,3,43.99,131.97,delivered,2026-08-31,2026-08-31,
ORD-100458,S001,SKU-1061,2026-08-26,1,50.99,50.99,delivered,2026-08-31,2026-08-30,
ORD-100459,S001,SKU-1072,2026-08-26,2,76.99,153.98,delivered,2026-08-31,2026-08-31,
ORD-100460,S001,SKU-1076,2026-08-26,1,23.99,23.99,delivered,2026-08-31,2026-08-29,
ORD-100461,S001,SKU-1095,2026-08-26,1,66.99,66.99,delivered,2026-08-31,2026-08-30,
ORD-100462,S001,SKU-1096,2026-08-26,2,20.99,41.98,delivered,2026-08-31,2026-08-31,
ORD-100463,S001,SKU-1100,2026-08-26,1,32.99,32.99,delivered,2026-08-31,2026-08-31,
ORD-100464,S001,SKU-1111,2026-08-26,2,16.99,33.98,delivered,2026-08-31,2026-08-29,
ORD-100465,S001,SKU-1129,2026-08-26,2,113.99,227.98,delivered,2026-08-31,2026-08-31,
ORD-100466,S001,SKU-1138,2026-08-26,1,26.99,26.99,delivered,2026-08-31,2026-08-30,
ORD-100467,S001,SKU-1147,2026-08-26,1,49.99,49.99,delivered,2026-08-31,2026-08-29,
ORD-100468,S002,SKU-2001,2026-08-26,2,25.99,51.98,delivered,2026-08-31,2026-08-30,
ORD-100469,S002,SKU-2003,2026-08-26,2,22.99,45.98,delivered,2026-08-31,2026-08-30,
ORD-100470,S001,SKU-1003,2026-08-27,2,58.0,116.0,delivered,2026-09-01,2026-09-01,
ORD-100471,S001,SKU-1067,2026-08-27,2,12.99,25.98,delivered,2026-09-01,2026-09-01,
ORD-100472,S001,SKU-1072,2026-08-27,1,76.99,76.99,delivered,2026-09-01,2026-09-01,
ORD-100473,S001,SKU-1096,2026-08-27,2,20.99,41.98,delivered,2026-09-01,2026-09-04,
ORD-100474,S001,SKU-1136,2026-08-27,1,27.99,27.99,delivered,2026-09-01,2026-09-01,
ORD-100475,S001,SKU-1137,2026-08-27,1,32.99,32.99,delivered,2026-09-01,2026-08-30,
ORD-100476,S002,SKU-2017,2026-08-27,1,17.99,17.99,delivered,2026-09-01,2026-09-01,
ORD-100477,S001,SKU-1001,2026-08-28,1,34.99,34.99,delivered,2026-09-02,2026-08-31,
ORD-100478,S001,SKU-1007,2026-08-28,1,31.2,31.2,delivered,2026-09-02,2026-09-02,
ORD-100479,S001,SKU-1014,2026-08-28,1,37.99,37.99,delivered,2026-09-02,2026-09-01,
ORD-100480,S001,SKU-1047,2026-08-28,1,18.99,18.99,delivered,2026-09-02,2026-09-01,
ORD-100481,S001,SKU-1061,2026-08-28,1,50.99,50.99,delivered,2026-09-02,2026-09-02,
ORD-100482,S001,SKU-1099,2026-08-28,1,53.99,53.99,delivered,2026-09-02,2026-09-02,
ORD-100483,S001,SKU-1131,2026-08-28,1,16.99,16.99,delivered,2026-09-02,2026-09-05,
ORD-100484,S002,SKU-2008,2026-08-28,1,18.99,18.99,delivered,2026-09-02,2026-08-31,
ORD-100485,S001,SKU-1001,2026-08-29,1,34.99,34.99,delivered,2026-09-03,2026-09-02,
ORD-100486,S001,SKU-1020,2026-08-29,1,19.99,19.99,delivered,2026-09-03,2026-09-02,
ORD-100487,S001,SKU-1029,2026-08-29,1,39.99,39.99,delivered,2026-09-03,2026-09-03,
ORD-100488,S001,SKU-1040,2026-08-29,1,21.99,21.99,delivered,2026-09-03,2026-09-03,
ORD-100489,S001,SKU-1054,2026-08-29,1,45.99,45.99,delivered,2026-09-03,2026-09-01,
ORD-100490,S001,SKU-1059,2026-08-29,1,43.99,43.99,delivered,2026-09-03,2026-09-03,
ORD-100491,S001,SKU-1062,2026-08-29,3,24.99,74.97,delivered,2026-09-03,2026-09-03,
ORD-100492,S001,SKU-1069,2026-08-29,2,29.99,59.98,delivered,2026-09-03,2026-09-02,
ORD-100493,S001,SKU-1082,2026-08-29,1,31.99,31.99,delivered,2026-09-03,2026-09-01,
ORD-100494,S001,SKU-1086,2026-08-29,1,32.99,32.99,delivered,2026-09-03,2026-09-03,
ORD-100495,S001,SKU-1091,2026-08-29,1,22.99,22.99,delivered,2026-09-03,2026-09-02,
ORD-100496,S001,SKU-1111,2026-08-29,1,16.99,16.99,delivered,2026-09-03,2026-09-01,
ORD-100497,S001,SKU-1118,2026-08-29,2,15.99,31.98,delivered,2026-09-03,2026-09-01,
ORD-100498,S001,SKU-1126,2026-08-29,1,27.99,27.99,delivered,2026-09-03,2026-09-01,
ORD-100499,S001,SKU-1128,2026-08-29,1,87.99,87.99,delivered,2026-09-03,2026-09-03,
ORD-100500,S001,SKU-1135,2026-08-29,1,40.99,40.99,delivered,2026-09-03,2026-09-03,
ORD-100501,S001,SKU-1139,2026-08-29,2,18.99,37.98,delivered,2026-09-03,2026-09-01,
ORD-100502,S001,SKU-1142,2026-08-29,1,45.99,45.99,delivered,2026-09-03,2026-09-02,
ORD-100503,S002,SKU-2022,2026-08-29,2,31.99,63.98,delivered,2026-09-03,2026-09-03,
ORD-100504,S001,SKU-1005,2026-08-30,2,27.75,55.5,delivered,2026-09-04,2026-09-03,
ORD-100505,S001,SKU-1006,2026-08-30,1,89.0,89.0,delayed,2026-09-13,,Past promised delivery date; not yet delivered
ORD-100506,S001,SKU-1054,2026-08-30,1,45.99,45.99,delivered,2026-09-04,2026-09-04,
ORD-100507,S001,SKU-1071,2026-08-30,1,19.99,19.99,delivered,2026-09-04,2026-09-02,
ORD-100508,S001,SKU-1072,2026-08-30,2,76.99,153.98,delivered,2026-09-04,2026-09-03,
ORD-100509,S001,SKU-1074,2026-08-30,1,26.99,26.99,delivered,2026-09-04,2026-09-02,
ORD-100510,S001,SKU-1088,2026-08-30,2,18.99,37.98,delivered,2026-09-04,2026-09-03,
ORD-100511,S001,SKU-1100,2026-08-30,1,32.99,32.99,delivered,2026-09-04,2026-09-02,
ORD-100512,S001,SKU-1114,2026-08-30,1,15.99,15.99,delivered,2026-09-04,2026-09-02,
ORD-100513,S002,SKU-2008,2026-08-30,1,18.99,18.99,delivered,2026-09-04,2026-09-04,
ORD-100514,S002,SKU-2017,2026-08-30,2,17.99,35.98,delivered,2026-09-04,2026-09-03,
ORD-100515,S001,SKU-1007,2026-08-31,1,31.2,31.2,delivered,2026-09-05,2026-09-05,
ORD-100516,S001,SKU-1016,2026-08-31,2,26.99,53.98,delivered,2026-09-05,2026-09-03,
ORD-100517,S001,SKU-1036,2026-08-31,2,13.99,27.98,delivered,2026-09-05,2026-09-03,
ORD-100518,S001,SKU-1040,2026-08-31,2,21.99,43.98,delivered,2026-09-05,2026-09-04,
ORD-100519,S001,SKU-1043,2026-08-31,1,20.99,20.99,delivered,2026-09-05,2026-09-04,
ORD-100520,S001,SKU-1045,2026-08-31,1,30.99,30.99,delivered,2026-09-05,2026-09-05,
ORD-100521,S001,SKU-1053,2026-08-31,1,31.99,31.99,delivered,2026-09-05,2026-09-04,
ORD-100522,S001,SKU-1078,2026-08-31,2,56.99,113.98,delivered,2026-09-05,2026-09-03,
ORD-100523,S001,SKU-1088,2026-08-31,1,18.99,18.99,delivered,2026-09-05,2026-09-04,
ORD-100524,S001,SKU-1095,2026-08-31,2,66.99,133.98,delivered,2026-09-05,2026-09-05,
ORD-100525,S001,SKU-1097,2026-08-31,1,27.99,27.99,delivered,2026-09-05,2026-09-04,
ORD-100526,S001,SKU-1099,2026-08-31,2,53.99,107.98,delivered,2026-09-05,2026-09-03,
ORD-100527,S001,SKU-1106,2026-08-31,1,34.99,34.99,delivered,2026-09-05,2026-09-04,
ORD-100528,S001,SKU-1134,2026-08-31,1,16.99,16.99,delivered,2026-09-05,2026-09-04,
ORD-100529,S001,SKU-1150,2026-08-31,2,22.99,45.98,delivered,2026-09-05,2026-09-03,
ORD-100530,S002,SKU-2026,2026-08-31,2,20.99,41.98,delivered,2026-09-05,2026-09-03,
ORD-100531,S001,SKU-1001,2026-09-01,3,34.99,104.97,delivered,2026-09-06,2026-09-06,
ORD-100532,S001,SKU-1004,2026-09-01,5,19.99,99.95,delivered,2026-09-06,2026-09-05,
ORD-100533,S001,SKU-1008,2026-09-01,1,64.5,64.5,cancelled,2026-09-06,,Cancelled: item could not be fulfilled
ORD-100534,S001,SKU-1033,2026-09-01,1,30.99,30.99,delivered,2026-09-06,2026-09-04,
ORD-100535,S001,SKU-1072,2026-09-01,1,76.99,76.99,delivered,2026-09-06,2026-09-05,
ORD-100536,S001,SKU-1087,2026-09-01,1,31.99,31.99,delivered,2026-09-06,2026-09-04,
ORD-100537,S001,SKU-1097,2026-09-01,2,27.99,55.98,delivered,2026-09-06,2026-09-06,
ORD-100538,S001,SKU-1114,2026-09-01,1,15.99,15.99,delivered,2026-09-06,2026-09-05,
ORD-100539,S001,SKU-1128,2026-09-01,1,87.99,87.99,delivered,2026-09-06,2026-09-05,
ORD-100540,S002,SKU-2022,2026-09-01,2,31.99,63.98,delivered,2026-09-06,2026-09-04,
ORD-100541,S001,SKU-1010,2026-09-02,2,42.0,84.0,delivered,2026-09-07,2026-09-06,
ORD-100542,S001,SKU-1029,2026-09-02,1,39.99,39.99,delivered,2026-09-07,2026-09-06,
ORD-100543,S001,SKU-1042,2026-09-02,1,32.99,32.99,delivered,2026-09-07,2026-09-11,
ORD-100544,S001,SKU-1060,2026-09-02,1,18.99,18.99,delivered,2026-09-07,2026-09-05,
ORD-100545,S001,SKU-1084,2026-09-02,1,29.99,29.99,delivered,2026-09-07,2026-09-06,
ORD-100546,S001,SKU-1088,2026-09-02,1,18.99,18.99,delivered,2026-09-07,2026-09-06,
ORD-100547,S001,SKU-1111,2026-09-02,1,16.99,16.99,delivered,2026-09-07,2026-09-07,
ORD-100548,S001,SKU-1117,2026-09-02,1,9.99,9.99,delivered,2026-09-07,2026-09-07,
ORD-100549,S001,SKU-1127,2026-09-02,2,22.99,45.98,delivered,2026-09-07,2026-09-05,
ORD-100550,S001,SKU-1148,2026-09-02,2,36.99,73.98,delivered,2026-09-07,2026-09-07,
ORD-100551,S001,SKU-1006,2026-09-03,1,89.0,89.0,in_transit,2026-09-17,,
ORD-100552,S001,SKU-1020,2026-09-03,1,19.99,19.99,delivered,2026-09-08,2026-09-07,
ORD-100553,S001,SKU-1027,2026-09-03,1,34.99,34.99,delivered,2026-09-08,2026-09-06,
ORD-100554,S001,SKU-1032,2026-09-03,1,29.99,29.99,delivered,2026-09-08,2026-09-07,
ORD-100555,S001,SKU-1050,2026-09-03,1,21.99,21.99,delivered,2026-09-08,2026-09-06,
ORD-100556,S001,SKU-1078,2026-09-03,1,56.99,56.99,delivered,2026-09-08,2026-09-08,
ORD-100557,S001,SKU-1084,2026-09-03,1,29.99,29.99,delivered,2026-09-08,2026-09-08,
ORD-100558,S001,SKU-1129,2026-09-03,1,113.99,113.99,delivered,2026-09-08,2026-09-06,
ORD-100559,S002,SKU-2029,2026-09-03,1,19.99,19.99,delivered,2026-09-08,2026-09-06,
ORD-100560,S001,SKU-1007,2026-09-04,4,31.2,124.8,delivered,2026-09-09,2026-09-09,
ORD-100561,S001,SKU-1026,2026-09-04,1,21.99,21.99,delivered,2026-09-09,2026-09-09,
ORD-100562,S001,SKU-1029,2026-09-04,2,39.99,79.98,delivered,2026-09-09,2026-09-08,
ORD-100563,S001,SKU-1036,2026-09-04,2,13.99,27.98,delivered,2026-09-09,2026-09-08,
ORD-100564,S001,SKU-1041,2026-09-04,1,57.99,57.99,delivered,2026-09-09,2026-09-07,
ORD-100565,S001,SKU-1046,2026-09-04,1,21.99,21.99,delivered,2026-09-09,2026-09-09,
ORD-100566,S001,SKU-1053,2026-09-04,1,31.99,31.99,delivered,2026-09-09,2026-09-09,
ORD-100567,S001,SKU-1055,2026-09-04,1,20.99,20.99,delivered,2026-09-09,2026-09-09,
ORD-100568,S001,SKU-1057,2026-09-04,1,74.99,74.99,delayed,2026-09-09,,Past promised delivery date; not yet delivered
ORD-100569,S001,SKU-1059,2026-09-04,1,43.99,43.99,delivered,2026-09-09,2026-09-07,
ORD-100570,S001,SKU-1083,2026-09-04,2,18.99,37.98,delivered,2026-09-09,2026-09-07,
ORD-100571,S001,SKU-1109,2026-09-04,1,27.99,27.99,delivered,2026-09-09,2026-09-09,
ORD-100572,S001,SKU-1141,2026-09-04,1,21.99,21.99,delivered,2026-09-09,2026-09-07,
ORD-100573,S002,SKU-2005,2026-09-04,1,19.99,19.99,delivered,2026-09-09,2026-09-08,
ORD-100574,S002,SKU-2015,2026-09-04,1,16.99,16.99,delivered,2026-09-09,2026-09-07,
ORD-100575,S001,SKU-1001,2026-09-05,2,34.99,69.98,delivered,2026-09-10,2026-09-09,
ORD-100576,S001,SKU-1046,2026-09-05,1,21.99,21.99,delivered,2026-09-10,2026-09-09,
ORD-100577,S001,SKU-1047,2026-09-05,1,18.99,18.99,delivered,2026-09-10,2026-09-09,
ORD-100578,S001,SKU-1048,2026-09-05,1,37.99,37.99,delivered,2026-09-10,2026-09-09,
ORD-100579,S001,SKU-1087,2026-09-05,1,31.99,31.99,delivered,2026-09-10,2026-09-08,
ORD-100580,S001,SKU-1125,2026-09-05,2,32.99,65.98,delivered,2026-09-10,2026-09-10,
ORD-100581,S001,SKU-1131,2026-09-05,1,16.99,16.99,delivered,2026-09-10,2026-09-09,
ORD-100582,S001,SKU-1135,2026-09-05,1,40.99,40.99,delivered,2026-09-10,2026-09-09,
ORD-100583,S001,SKU-1138,2026-09-05,1,26.99,26.99,delivered,2026-09-10,2026-09-09,
ORD-100584,S002,SKU-2019,2026-09-05,1,28.99,28.99,delivered,2026-09-10,2026-09-10,
ORD-100585,S002,SKU-2026,2026-09-05,1,20.99,20.99,delivered,2026-09-10,2026-09-09,
ORD-100586,S001,SKU-1048,2026-09-06,2,37.99,75.98,delivered,2026-09-11,2026-09-09,
ORD-100587,S001,SKU-1098,2026-09-06,1,26.99,26.99,delivered,2026-09-11,2026-09-09,
ORD-100588,S001,SKU-1100,2026-09-06,1,32.99,32.99,delivered,2026-09-11,2026-09-09,
ORD-100589,S001,SKU-1145,2026-09-06,1,105.99,105.99,delivered,2026-09-11,2026-09-11,
ORD-100590,S001,SKU-1009,2026-09-07,6,14.25,85.5,delivered,2026-09-12,2026-09-12,
ORD-100591,S001,SKU-1018,2026-09-07,2,37.99,75.98,delivered,2026-09-12,2026-09-11,
ORD-100592,S001,SKU-1027,2026-09-07,1,34.99,34.99,delivered,2026-09-12,2026-09-10,
ORD-100593,S001,SKU-1030,2026-09-07,1,24.99,24.99,return_requested,2026-09-12,2026-09-10,Buyer requested a return
ORD-100594,S001,SKU-1036,2026-09-07,1,13.99,13.99,delivered,2026-09-12,2026-09-11,
ORD-100595,S001,SKU-1058,2026-09-07,2,134.99,269.98,return_requested,2026-09-12,2026-09-11,Buyer requested a return
ORD-100596,S001,SKU-1059,2026-09-07,1,43.99,43.99,delivered,2026-09-12,2026-09-12,
ORD-100597,S001,SKU-1061,2026-09-07,1,50.99,50.99,delivered,2026-09-12,2026-09-10,
ORD-100598,S001,SKU-1067,2026-09-07,2,12.99,25.98,delivered,2026-09-12,2026-09-11,
ORD-100599,S001,SKU-1081,2026-09-07,2,22.99,45.98,delivered,2026-09-12,2026-09-11,
ORD-100600,S001,SKU-1135,2026-09-07,1,40.99,40.99,delivered,2026-09-12,2026-09-10,
ORD-100601,S001,SKU-1138,2026-09-07,1,26.99,26.99,delivered,2026-09-12,2026-09-10,
ORD-100602,S001,SKU-1150,2026-09-07,1,22.99,22.99,delivered,2026-09-12,2026-09-10,
ORD-100603,S002,SKU-2030,2026-09-07,2,21.99,43.98,delivered,2026-09-12,2026-09-10,
ORD-100604,S001,SKU-1003,2026-09-08,1,58.0,58.0,delivered,2026-09-13,2026-09-11,
ORD-100605,S001,SKU-1025,2026-09-08,1,37.99,37.99,delivered,2026-09-13,2026-09-12,
ORD-100606,S001,SKU-1043,2026-09-08,1,20.99,20.99,delivered,2026-09-13,2026-09-13,
ORD-100607,S001,SKU-1066,2026-09-08,1,50.99,50.99,delivered,2026-09-13,2026-09-13,
ORD-100608,S001,SKU-1082,2026-09-08,1,31.99,31.99,delivered,2026-09-13,2026-09-13,
ORD-100609,S001,SKU-1127,2026-09-08,2,22.99,45.98,delivered,2026-09-13,2026-09-13,
ORD-100610,S001,SKU-1134,2026-09-08,1,16.99,16.99,returned,2026-09-13,2026-09-12,Returned by buyer; refund issued
ORD-100611,S001,SKU-1139,2026-09-08,2,18.99,37.98,delivered,2026-09-13,2026-09-13,
ORD-100612,S002,SKU-2021,2026-09-08,2,32.99,65.98,delivered,2026-09-13,2026-09-13,
ORD-100613,S001,SKU-1019,2026-09-09,1,37.99,37.99,delivered,2026-09-14,2026-09-13,
ORD-100614,S001,SKU-1052,2026-09-09,2,13.99,27.98,delivered,2026-09-14,2026-09-14,
ORD-100615,S001,SKU-1054,2026-09-09,1,45.99,45.99,delivered,2026-09-14,2026-09-14,
ORD-100616,S001,SKU-1087,2026-09-09,1,31.99,31.99,delivered,2026-09-14,2026-09-13,
ORD-100617,S001,SKU-1099,2026-09-09,1,53.99,53.99,delivered,2026-09-14,2026-09-12,
ORD-100618,S001,SKU-1103,2026-09-09,1,82.99,82.99,delivered,2026-09-14,2026-09-12,
ORD-100619,S001,SKU-1128,2026-09-09,1,87.99,87.99,delivered,2026-09-14,2026-09-13,
ORD-100620,S001,SKU-1131,2026-09-09,2,16.99,33.98,delivered,2026-09-14,2026-09-13,
ORD-100621,S001,SKU-1142,2026-09-09,3,45.99,137.97,delivered,2026-09-14,2026-09-13,
ORD-100622,S001,SKU-1149,2026-09-09,1,31.99,31.99,delivered,2026-09-14,2026-09-14,
ORD-100623,S002,SKU-2014,2026-09-09,2,29.99,59.98,delivered,2026-09-14,2026-09-12,
ORD-100624,S001,SKU-1010,2026-09-10,3,42.0,126.0,delivered,2026-09-15,2026-09-14,
ORD-100625,S001,SKU-1025,2026-09-10,2,37.99,75.98,delivered,2026-09-15,2026-09-14,
ORD-100626,S001,SKU-1036,2026-09-10,1,13.99,13.99,delivered,2026-09-15,2026-09-13,
ORD-100627,S001,SKU-1056,2026-09-10,1,15.99,15.99,delayed,2026-09-15,,Past promised delivery date; not yet delivered
ORD-100628,S001,SKU-1114,2026-09-10,1,15.99,15.99,delivered,2026-09-15,2026-09-14,
ORD-100629,S001,SKU-1134,2026-09-10,1,16.99,16.99,delivered,2026-09-15,2026-09-15,
ORD-100630,S001,SKU-1139,2026-09-10,1,18.99,18.99,delayed,2026-09-15,,Past promised delivery date; not yet delivered
ORD-100631,S001,SKU-1020,2026-09-11,3,19.99,59.97,in_transit,2026-09-16,,
ORD-100632,S001,SKU-1049,2026-09-11,1,31.99,31.99,delivered,2026-09-16,2026-09-15,
ORD-100633,S001,SKU-1051,2026-09-11,1,21.99,21.99,in_transit,2026-09-16,,
ORD-100634,S001,SKU-1070,2026-09-11,1,46.99,46.99,delivered,2026-09-16,2026-09-15,
ORD-100635,S001,SKU-1087,2026-09-11,1,31.99,31.99,in_transit,2026-09-16,,
ORD-100636,S001,SKU-1107,2026-09-11,1,24.99,24.99,in_transit,2026-09-16,,
ORD-100637,S001,SKU-1142,2026-09-11,1,45.99,45.99,delivered,2026-09-16,2026-09-15,
ORD-100638,S002,SKU-2027,2026-09-11,1,23.99,23.99,delivered,2026-09-16,2026-09-15,
ORD-100639,S001,SKU-1004,2026-09-12,2,19.99,39.98,delivered,2026-09-17,2026-09-15,
ORD-100640,S001,SKU-1023,2026-09-12,1,32.99,32.99,delivered,2026-09-17,2026-09-15,
ORD-100641,S001,SKU-1024,2026-09-12,1,129.99,129.99,in_transit,2026-09-17,,
ORD-100642,S001,SKU-1026,2026-09-12,1,21.99,21.99,in_transit,2026-09-17,,
ORD-100643,S001,SKU-1034,2026-09-12,1,23.99,23.99,cancelled,2026-09-17,,Cancelled: item could not be fulfilled
ORD-100644,S001,SKU-1119,2026-09-12,1,11.99,11.99,delivered,2026-09-17,2026-09-15,
ORD-100645,S001,SKU-1122,2026-09-12,1,16.99,16.99,in_transit,2026-09-17,,
ORD-100646,S001,SKU-1135,2026-09-12,1,40.99,40.99,delivered,2026-09-17,2026-09-15,
ORD-100647,S001,SKU-1136,2026-09-12,2,27.99,55.98,delivered,2026-09-17,2026-09-15,
ORD-100648,S002,SKU-2008,2026-09-12,2,18.99,37.98,in_transit,2026-09-17,,
ORD-100649,S001,SKU-1001,2026-09-13,1,34.99,34.99,in_transit,2026-09-18,,
ORD-100650,S001,SKU-1058,2026-09-13,1,134.99,134.99,in_transit,2026-09-18,,
ORD-100651,S001,SKU-1059,2026-09-13,2,43.99,87.98,in_transit,2026-09-18,,
ORD-100652,S001,SKU-1095,2026-09-13,1,66.99,66.99,in_transit,2026-09-18,,
ORD-100653,S001,SKU-1119,2026-09-13,1,11.99,11.99,in_transit,2026-09-18,,
ORD-100654,S001,SKU-1129,2026-09-13,1,113.99,113.99,in_transit,2026-09-18,,
ORD-100655,S001,SKU-1134,2026-09-13,1,16.99,16.99,in_transit,2026-09-18,,
ORD-100656,S001,SKU-1138,2026-09-13,2,26.99,53.98,in_transit,2026-09-18,,
ORD-100657,S001,SKU-1140,2026-09-13,1,41.99,41.99,in_transit,2026-09-18,,
ORD-100658,S002,SKU-2014,2026-09-13,1,29.99,29.99,in_transit,2026-09-18,,
ORD-100659,S002,SKU-2022,2026-09-13,1,31.99,31.99,in_transit,2026-09-18,,
ORD-100660,S001,SKU-1058,2026-09-14,2,134.99,269.98,in_transit,2026-09-19,,
ORD-100661,S001,SKU-1069,2026-09-14,1,29.99,29.99,in_transit,2026-09-19,,
ORD-100662,S001,SKU-1113,2026-09-14,1,37.99,37.99,in_transit,2026-09-19,,
ORD-100663,S001,SKU-1114,2026-09-14,1,15.99,15.99,in_transit,2026-09-19,,
ORD-100664,S001,SKU-1150,2026-09-14,1,22.99,22.99,in_transit,2026-09-19,,
ORD-100665,S001,SKU-1005,2026-09-15,2,27.75,55.5,in_transit,2026-09-20,,
ORD-100666,S001,SKU-1017,2026-09-15,1,27.99,27.99,in_transit,2026-09-20,,
ORD-100667,S001,SKU-1023,2026-09-15,1,32.99,32.99,in_transit,2026-09-20,,
ORD-100668,S001,SKU-1043,2026-09-15,1,20.99,20.99,in_transit,2026-09-20,,
ORD-100669,S001,SKU-1062,2026-09-15,1,24.99,24.99,in_transit,2026-09-20,,
ORD-100670,S001,SKU-1072,2026-09-15,1,76.99,76.99,in_transit,2026-09-20,,
ORD-100671,S001,SKU-1086,2026-09-15,1,32.99,32.99,in_transit,2026-09-20,,
ORD-100672,S001,SKU-1105,2026-09-15,1,37.99,37.99,in_transit,2026-09-20,,
ORD-100673,S001,SKU-1114,2026-09-15,1,15.99,15.99,in_transit,2026-09-20,,
ORD-100674,S001,SKU-1115,2026-09-15,1,18.99,18.99,in_transit,2026-09-20,,
ORD-100675,S001,SKU-1119,2026-09-15,2,11.99,23.98,in_transit,2026-09-20,,
ORD-100676,S001,SKU-1122,2026-09-15,1,16.99,16.99,in_transit,2026-09-20,,
ORD-100677,S001,SKU-1134,2026-09-15,1,16.99,16.99,in_transit,2026-09-20,,
ORD-100678,S001,SKU-1138,2026-09-15,1,26.99,26.99,in_transit,2026-09-20,,
ORD-100679,S002,SKU-2025,2026-09-15,1,19.99,19.99,in_transit,2026-09-20,,
