seller_id,sku,price_usd,valid_from,valid_to
S001,SKU-1001,29.99,2026-07-20,2026-08-24
S001,SKU-1001,34.99,2026-08-25,
S001,SKU-1002,22.5,2026-07-20,
S001,SKU-1003,58.0,2026-07-20,
S001,SKU-1004,19.99,2026-07-20,
S001,SKU-1005,27.75,2026-07-20,
S001,SKU-1006,95.0,2026-07-20,2026-08-17
S001,SKU-1006,89.0,2026-08-18,
S001,SKU-1007,31.2,2026-07-20,
S001,SKU-1008,64.5,2026-07-20,
S001,SKU-1009,14.25,2026-07-20,
S001,SKU-1010,42.0,2026-07-20,
S001,SKU-1011,26.99,2026-07-20,
S001,SKU-1012,12.99,2026-07-20,
S001,SKU-1013,47.99,2026-07-20,
S001,SKU-1014,37.99,2026-07-20,
S001,SKU-1015,18.99,2026-07-20,
S001,SKU-1016,26.99,2026-07-20,
S001,SKU-1017,27.99,2026-07-20,
S001,SKU-1018,37.99,2026-07-20,
S001,SKU-1019,37.99,2026-07-20,
S001,SKU-1020,19.99,2026-07-20,
S001,SKU-1021,43.99,2026-07-20,
S001,SKU-1022,21.99,2026-07-20,
S001,SKU-1023,32.99,2026-07-20,
S001,SKU-1024,129.99,2026-07-20,
S001,SKU-1025,37.99,2026-07-20,
S001,SKU-1026,21.99,2026-07-20,
S001,SKU-1027,34.99,2026-07-20,
S001,SKU-1028,59.99,2026-07-20,
S001,SKU-1029,39.99,2026-07-20,
S001,SKU-1030,24.99,2026-07-20,
S001,SKU-1031,36.99,2026-07-20,
S001,SKU-1032,29.99,2026-07-20,
S001,SKU-1033,30.99,2026-07-20,
S001,SKU-1034,23.99,2026-07-20,
S001,SKU-1035,53.99,2026-07-20,
S001,SKU-1036,13.99,2026-07-20,
S001,SKU-1037,103.99,2026-07-20,
S001,SKU-1038,26.99,2026-07-20,
S001,SKU-1039,16.99,2026-07-20,
S001,SKU-1040,21.99,2026-07-20,
S001,SKU-1041,57.99,2026-07-20,
S001,SKU-1042,32.99,2026-07-20,
S001,SKU-1043,20.99,2026-07-20,
S001,SKU-1044,21.99,2026-07-20,
S001,SKU-1045,30.99,2026-07-20,
S001,SKU-1046,21.99,2026-07-20,
S001,SKU-1047,18.99,2026-07-20,
S001,SKU-1048,37.99,2026-07-20,
S001,SKU-1049,31.99,2026-07-20,
S001,SKU-1050,21.99,2026-07-20,
S001,SKU-1051,21.99,2026-07-20,
S001,SKU-1052,13.99,2026-07-20,
S001,SKU-1053,31.99,2026-07-20,
S001,SKU-1054,45.99,2026-07-20,
S001,SKU-1055,20.99,2026-07-20,
S001,SKU-1056,15.99,2026-07-20,
S001,SKU-1057,74.99,2026-07-20,
S001,SKU-1058,134.99,2026-07-20,
S001,SKU-1059,43.99,2026-07-20,
S001,SKU-1060,18.99,2026-07-20,
S001,SKU-1061,50.99,2026-07-20,
S001,SKU-1062,24.99,2026-07-20,
S001,SKU-1063,52.99,2026-07-20,
S001,SKU-1064,11.99,2026-07-20,
S001,SKU-1065,15.99,2026-07-20,
S001,SKU-1066,50.99,2026-07-20,
S001,SKU-1067,12.99,2026-07-20,
S001,SKU-1068,86.99,2026-07-20,
S001,SKU-1069,29.99,2026-07-20,
S001,SKU-1070,46.99,2026-07-20,
S001,SKU-1071,19.99,2026-07-20,
S001,SKU-1072,76.99,2026-07-20,
S001,SKU-1073,54.99,2026-07-20,
S001,SKU-1074,26.99,2026-07-20,
S001,SKU-1075,43.99,2026-07-20,
S001,SKU-1076,23.99,2026-07-20,
S001,SKU-1077,121.99,2026-07-20,
S001,SKU-1078,56.99,2026-07-20,
S001,SKU-1079,53.99,2026-07-20,
S001,SKU-1080,13.99,2026-07-20,
S001,SKU-1081,22.99,2026-07-20,
S001,SKU-1082,31.99,2026-07-20,
S001,SKU-1083,18.99,2026-07-20,
S001,SKU-1084,29.99,2026-07-20,
S001,SKU-1085,15.99,2026-07-20,
S001,SKU-1086,32.99,2026-07-20,
S001,SKU-1087,31.99,2026-07-20,
S001,SKU-1088,18.99,2026-07-20,
S001,SKU-1089,12.99,2026-07-20,
S001,SKU-1090,22.99,2026-07-20,
S001,SKU-1091,22.99,2026-07-20,
S001,SKU-1092,27.99,2026-07-20,
S001,SKU-1093,18.99,2026-07-20,
S001,SKU-1094,21.99,2026-07-20,
S001,SKU-1095,66.99,2026-07-20,
S001,SKU-1096,20.99,2026-07-20,
S001,SKU-1097,27.99,2026-07-20,
S001,SKU-1098,26.99,2026-07-20,
S001,SKU-1099,53.99,2026-07-20,
S001,SKU-1100,32.99,2026-07-20,
S001,SKU-1101,31.99,2026-07-20,
S001,SKU-1102,14.99,2026-07-20,
S001,SKU-1103,82.99,2026-07-20,
S001,SKU-1104,84.99,2026-07-20,
S001,SKU-1105,37.99,2026-07-20,
S001,SKU-1106,34.99,2026-07-20,
S001,SKU-1107,24.99,2026-07-20,
S001,SKU-1108,29.99,2026-07-20,
S001,SKU-1109,27.99,2026-07-20,
S001,SKU-1110,32.99,2026-07-20,
S001,SKU-1111,16.99,2026-07-20,
S001,SKU-1112,31.99,2026-07-20,
S001,SKU-1113,37.99,2026-07-20,
S001,SKU-1114,15.99,2026-07-20,
S001,SKU-1115,18.99,2026-07-20,
S001,SKU-1116,16.99,2026-07-20,
S001,SKU-1117,9.99,2026-07-20,
S001,SKU-1118,15.99,2026-07-20,
S001,SKU-1119,11.99,2026-07-20,
S001,SKU-1120,24.99,2026-07-20,
S001,SKU-1121,23.99,2026-07-20,
S001,SKU-1122,16.99,2026-07-20,
S001,SKU-1123,20.99,2026-07-20,
S001,SKU-1124,80.99,2026-07-20,
S001,SKU-1125,32.99,2026-07-20,
S001,SKU-1126,27.99,2026-07-20,
S001,SKU-1127,22.99,2026-07-20,
S001,SKU-1128,87.99,2026-07-20,
S001,SKU-1129,113.99,2026-07-20,
S001,SKU-1130,60.99,2026-07-20,
S001,SKU-1131,16.99,2026-07-20,
S001,SKU-1132,15.99,2026-07-20,
S001,SKU-1133,25.99,2026-07-20,
S001,SKU-1134,16.99,2026-07-20,
S001,SKU-1135,40.99,2026-07-20,
S001,SKU-1136,27.99,2026-07-20,
S001,SKU-1137,32.99,2026-07-20,
S001,SKU-1138,26.99,2026-07-20,
S001,SKU-1139,18.99,2026-07-20,
S001,SKU-1140,41.99,2026-07-20,
S001,SKU-1141,21.99,2026-07-20,
S001,SKU-1142,45.99,2026-07-20,
S001,SKU-1143,69.99,2026-07-20,
S001,SKU-1144,18.99,2026-07-20,
S001,SKU-1145,105.99,2026-07-20,
S001,SKU-1146,17.99,2026-07-20,
S001,SKU-1147,49.99,2026-07-20,
S001,SKU-1148,36.99,2026-07-20,
S001,SKU-1149,31.99,2026-07-20,
S001,SKU-1150,22.99,2026-07-20,
S002,SKU-2001,25.99,2026-07-20,
S002,SKU-2002,22.99,2026-07-20,
S002,SKU-2003,22.99,2026-07-20,
S002,SKU-2004,13.99,2026-07-20,
S002,SKU-2005,19.99,2026-07-20,
S002,SKU-2006,16.99,2026-07-20,
S002,SKU-2007,33.99,2026-07-20,
S002,SKU-2008,18.99,2026-07-20,
S002,SKU-2009,16.99,2026-07-20,
S002,SKU-2010,32.99,2026-07-20,
S002,SKU-2011,40.99,2026-07-20,
S002,SKU-2012,15.99,2026-07-20,
S002,SKU-2013,32.99,2026-07-20,
S002,SKU-2014,29.99,2026-07-20,
S002,SKU-2015,16.99,2026-07-20,
S002,SKU-2016,30.99,2026-07-20,
S002,SKU-2017,17.99,2026-07-20,
S002,SKU-2018,30.99,2026-07-20,
S002,SKU-2019,28.99,2026-07-20,
S002,SKU-2020,29.99,2026-07-20,
S002,SKU-2021,32.99,2026-07-20,
S002,SKU-2022,31.99,2026-07-20,
S002,SKU-2023,34.99,2026-07-20,
S002,SKU-2024,18.99,2026-07-20,
S002,SKU-2025,19.99,2026-07-20,
S002,SKU-2026,20.99,2026-07-20,
S002,SKU-2027,23.99,2026-07-20,
S002,SKU-2028,30.99,2026-07-20,
S002,SKU-2029,19.99,2026-07-20,
S002,SKU-2030,21.99,2026-07-20,
