date,seller_id,sku,units_sold,revenue_usd,order_count
2026-07-20,S001,SKU-1023,1,32.99,1
2026-07-20,S001,SKU-1024,1,129.99,1
2026-07-20,S001,SKU-1025,2,75.98,1
2026-07-20,S001,SKU-1072,3,230.97,1
2026-07-20,S001,SKU-1087,2,63.98,1
2026-07-20,S001,SKU-1107,1,24.99,1
2026-07-20,S001,SKU-1137,1,32.99,1
2026-07-20,S001,SKU-1146,2,35.98,1
2026-07-20,S002,SKU-2030,2,43.98,1
2026-07-21,S001,SKU-1001,1,29.99,1
2026-07-21,S001,SKU-1016,2,53.98,1
2026-07-21,S001,SKU-1017,1,27.99,1
2026-07-21,S001,SKU-1062,3,74.97,1
2026-07-21,S001,SKU-1072,1,76.99,1
2026-07-21,S001,SKU-1090,2,45.98,1
2026-07-21,S001,SKU-1111,1,16.99,1
2026-07-21,S001,SKU-1119,2,23.98,1
2026-07-21,S002,SKU-2009,1,16.99,1
2026-07-21,S002,SKU-2027,2,47.98,1
2026-07-22,S001,SKU-1001,1,29.99,1
2026-07-22,S001,SKU-1004,1,19.99,1
2026-07-22,S001,SKU-1006,1,95.0,1
2026-07-22,S001,SKU-1008,1,64.5,1
2026-07-22,S001,SKU-1017,1,27.99,1
2026-07-22,S001,SKU-1027,1,34.99,1
2026-07-22,S001,SKU-1059,1,43.99,1
2026-07-22,S001,SKU-1091,1,22.99,1
2026-07-22,S001,SKU-1095,1,66.99,1
2026-07-22,S001,SKU-1109,1,27.99,1
2026-07-22,S001,SKU-1122,1,16.99,1
2026-07-23,S001,SKU-1001,1,29.99,1
2026-07-23,S001,SKU-1014,1,37.99,1
2026-07-23,S001,SKU-1017,1,27.99,1
2026-07-23,S001,SKU-1023,1,32.99,1
2026-07-23,S001,SKU-1031,2,73.98,1
2026-07-23,S001,SKU-1035,1,53.99,1
2026-07-23,S001,SKU-1043,2,41.98,1
2026-07-23,S001,SKU-1064,2,23.98,1
2026-07-23,S001,SKU-1142,1,45.99,1
2026-07-23,S002,SKU-2021,1,32.99,1
2026-07-23,S002,SKU-2030,1,21.99,1
2026-07-24,S001,SKU-1001,1,29.99,1
2026-07-24,S001,SKU-1018,1,37.99,1
2026-07-24,S001,SKU-1048,2,75.98,1
2026-07-24,S001,SKU-1053,1,31.99,1
2026-07-24,S001,SKU-1088,1,18.99,1
2026-07-24,S001,SKU-1090,1,22.99,1
2026-07-24,S001,SKU-1097,1,27.99,1
2026-07-24,S001,SKU-1109,1,27.99,1
2026-07-24,S001,SKU-1138,1,26.99,1
2026-07-24,S001,SKU-1142,2,91.98,1
2026-07-25,S001,SKU-1001,1,29.99,1
2026-07-25,S001,SKU-1025,2,75.98,1
2026-07-25,S001,SKU-1040,2,43.98,1
2026-07-25,S001,SKU-1048,1,37.99,1
2026-07-25,S001,SKU-1070,1,46.99,1
2026-07-25,S001,SKU-1072,1,76.99,1
2026-07-25,S001,SKU-1075,1,43.99,1
2026-07-25,S001,SKU-1125,1,32.99,1
2026-07-25,S001,SKU-1126,1,27.99,1
2026-07-25,S001,SKU-1129,1,113.99,1
2026-07-25,S001,SKU-1147,1,49.99,1
2026-07-25,S002,SKU-2006,1,16.99,1
2026-07-26,S001,SKU-1001,1,29.99,1
2026-07-26,S001,SKU-1097,2,55.98,1
2026-07-26,S001,SKU-1098,1,26.99,1
2026-07-26,S001,SKU-1099,1,53.99,1
2026-07-26,S001,SKU-1103,1,82.99,1
2026-07-26,S001,SKU-1106,2,69.98,1
2026-07-26,S001,SKU-1128,1,87.99,1
2026-07-26,S001,SKU-1146,1,17.99,1
2026-07-26,S002,SKU-2008,1,18.99,1
2026-07-26,S002,SKU-2028,1,30.99,1
2026-07-27,S001,SKU-1001,2,59.98,1
2026-07-27,S001,SKU-1002,1,22.5,1
2026-07-27,S001,SKU-1003,1,58.0,1
2026-07-27,S001,SKU-1005,1,27.75,1
2026-07-27,S001,SKU-1014,1,37.99,1
2026-07-27,S001,SKU-1022,1,21.99,1
2026-07-27,S001,SKU-1043,1,20.99,1
2026-07-27,S001,SKU-1045,1,30.99,1
2026-07-27,S001,SKU-1070,2,93.98,1
2026-07-27,S001,SKU-1128,1,87.99,1
2026-07-27,S001,SKU-1129,1,113.99,1
2026-07-27,S001,SKU-1131,1,16.99,1
2026-07-27,S002,SKU-2027,1,23.99,1
2026-07-28,S001,SKU-1001,1,29.99,1
2026-07-28,S001,SKU-1011,1,26.99,1
2026-07-28,S001,SKU-1024,1,129.99,1
2026-07-28,S001,SKU-1035,1,53.99,1
2026-07-28,S001,SKU-1055,2,41.98,1
2026-07-28,S001,SKU-1072,1,76.99,1
2026-07-28,S001,SKU-1075,3,131.97,1
2026-07-28,S001,SKU-1097,1,27.99,1
2026-07-28,S001,SKU-1100,2,65.98,1
2026-07-28,S001,SKU-1108,1,29.99,1
2026-07-28,S001,SKU-1142,2,91.98,1
2026-07-28,S002,SKU-2001,1,25.99,1
2026-07-28,S002,SKU-2012,1,15.99,1
2026-07-28,S002,SKU-2021,1,32.99,1
2026-07-28,S002,SKU-2026,1,20.99,1
2026-07-29,S001,SKU-1001,2,59.98,1
2026-07-29,S001,SKU-1002,2,45.0,1
2026-07-29,S001,SKU-1007,2,62.4,1
2026-07-29,S001,SKU-1029,1,39.99,1
2026-07-29,S001,SKU-1039,1,16.99,1
2026-07-29,S001,SKU-1050,1,21.99,1
2026-07-29,S001,SKU-1052,1,13.99,1
2026-07-29,S001,SKU-1072,1,76.99,1
2026-07-29,S001,SKU-1097,2,55.98,1
2026-07-29,S001,SKU-1100,1,32.99,1
2026-07-29,S001,SKU-1108,2,59.98,1
2026-07-29,S001,SKU-1125,2,65.98,1
2026-07-29,S001,SKU-1126,1,27.99,1
2026-07-29,S001,SKU-1136,1,27.99,1
2026-07-29,S002,SKU-2004,3,41.97,1
2026-07-29,S002,SKU-2011,3,122.97,1
2026-07-29,S002,SKU-2019,1,28.99,1
2026-07-29,S002,SKU-2026,1,20.99,1
2026-07-29,S002,SKU-2027,2,47.98,1
2026-07-30,S001,SKU-1001,1,29.99,1
2026-07-30,S001,SKU-1033,1,30.99,1
2026-07-30,S001,SKU-1052,1,13.99,1
2026-07-30,S001,SKU-1067,1,12.99,1
2026-07-30,S001,SKU-1078,1,56.99,1
2026-07-30,S001,SKU-1084,1,29.99,1
2026-07-30,S001,SKU-1085,1,15.99,1
2026-07-30,S001,SKU-1087,1,31.99,1
2026-07-30,S001,SKU-1111,1,16.99,1
2026-07-30,S001,SKU-1130,1,60.99,1
2026-07-30,S001,SKU-1136,1,27.99,1
2026-07-30,S001,SKU-1139,1,18.99,1
2026-07-31,S001,SKU-1001,1,29.99,1
2026-07-31,S001,SKU-1025,1,37.99,1
2026-07-31,S001,SKU-1033,1,30.99,1
2026-07-31,S001,SKU-1041,2,115.98,1
2026-07-31,S001,SKU-1056,3,47.97,1
2026-07-31,S001,SKU-1071,2,39.98,1
2026-07-31,S001,SKU-1102,1,14.99,1
2026-07-31,S001,SKU-1114,1,15.99,1
2026-07-31,S001,SKU-1129,1,113.99,1
2026-07-31,S001,SKU-1138,1,26.99,1
2026-07-31,S001,SKU-1141,1,21.99,1
2026-07-31,S002,SKU-2020,2,59.98,1
2026-07-31,S002,SKU-2023,2,69.98,1
2026-08-01,S001,SKU-1001,1,29.99,1
2026-08-01,S001,SKU-1021,1,43.99,1
2026-08-01,S001,SKU-1023,1,32.99,1
2026-08-01,S001,SKU-1038,1,26.99,1
2026-08-01,S001,SKU-1053,1,31.99,1
2026-08-01,S001,SKU-1069,1,29.99,1
2026-08-01,S001,SKU-1087,2,63.98,1
2026-08-01,S001,SKU-1109,1,27.99,1
2026-08-01,S001,SKU-1126,1,27.99,1
2026-08-01,S001,SKU-1143,1,69.99,1
2026-08-01,S001,SKU-1150,2,45.98,1
2026-08-02,S001,SKU-1001,2,59.98,1
2026-08-02,S001,SKU-1006,1,95.0,1
2026-08-02,S001,SKU-1014,1,37.99,1
2026-08-02,S001,SKU-1024,2,259.98,1
2026-08-02,S001,SKU-1039,1,16.99,1
2026-08-02,S001,SKU-1065,2,31.98,1
2026-08-02,S001,SKU-1094,2,43.98,1
2026-08-02,S001,SKU-1102,2,29.98,1
2026-08-02,S001,SKU-1119,1,11.99,1
2026-08-02,S001,SKU-1130,1,60.99,1
2026-08-02,S001,SKU-1131,1,16.99,1
2026-08-02,S002,SKU-2004,2,27.98,1
2026-08-02,S002,SKU-2028,1,30.99,1
2026-08-03,S001,SKU-1001,1,29.99,1
2026-08-03,S001,SKU-1010,1,42.0,1
2026-08-03,S001,SKU-1036,1,13.99,1
2026-08-03,S001,SKU-1063,1,52.99,1
2026-08-03,S001,SKU-1070,3,140.97,1
2026-08-03,S001,SKU-1105,1,37.99,1
2026-08-03,S001,SKU-1134,1,16.99,1
2026-08-03,S001,SKU-1139,1,18.99,1
2026-08-03,S001,SKU-1142,1,45.99,1
2026-08-03,S002,SKU-2021,1,32.99,1
2026-08-04,S001,SKU-1001,1,29.99,1
2026-08-04,S001,SKU-1022,1,21.99,1
2026-08-04,S001,SKU-1023,1,32.99,1
2026-08-04,S001,SKU-1029,2,79.98,1
2026-08-04,S001,SKU-1034,1,23.99,1
2026-08-04,S001,SKU-1045,1,30.99,1
2026-08-04,S001,SKU-1075,1,43.99,1
2026-08-04,S001,SKU-1110,2,65.98,1
2026-08-04,S001,SKU-1125,1,32.99,1
2026-08-04,S001,SKU-1129,1,113.99,1
2026-08-04,S002,SKU-2019,2,57.98,1
2026-08-05,S001,SKU-1001,1,29.99,1
2026-08-05,S001,SKU-1016,1,26.99,1
2026-08-05,S001,SKU-1053,1,31.99,1
2026-08-05,S001,SKU-1070,1,46.99,1
2026-08-05,S001,SKU-1071,2,39.98,1
2026-08-05,S001,SKU-1111,3,50.97,1
2026-08-05,S001,SKU-1125,2,65.98,1
2026-08-05,S001,SKU-1129,3,341.97,1
2026-08-05,S001,SKU-1132,1,15.99,1
2026-08-05,S001,SKU-1150,2,45.98,1
2026-08-05,S002,SKU-2001,1,25.99,1
2026-08-05,S002,SKU-2010,1,32.99,1
2026-08-06,S001,SKU-1001,1,29.99,1
2026-08-06,S001,SKU-1025,1,37.99,1
2026-08-06,S001,SKU-1026,1,21.99,1
2026-08-06,S001,SKU-1050,1,21.99,1
2026-08-06,S001,SKU-1099,2,107.98,1
2026-08-06,S001,SKU-1114,1,15.99,1
2026-08-06,S001,SKU-1122,1,16.99,1
2026-08-06,S001,SKU-1132,1,15.99,1
2026-08-06,S001,SKU-1135,1,40.99,1
2026-08-07,S001,SKU-1001,1,29.99,1
2026-08-07,S001,SKU-1004,1,19.99,1
2026-08-07,S001,SKU-1025,1,37.99,1
2026-08-07,S001,SKU-1036,1,13.99,1
2026-08-07,S001,SKU-1037,1,103.99,1
2026-08-07,S001,SKU-1039,1,16.99,1
2026-08-07,S001,SKU-1047,1,18.99,1
2026-08-07,S001,SKU-1076,1,23.99,1
2026-08-07,S001,SKU-1109,2,55.98,1
2026-08-07,S001,SKU-1132,1,15.99,1
2026-08-07,S001,SKU-1136,1,27.99,1
2026-08-07,S002,SKU-2006,1,16.99,1
2026-08-08,S001,SKU-1001,1,29.99,1
2026-08-08,S001,SKU-1004,1,19.99,1
2026-08-08,S001,SKU-1005,1,27.75,1
2026-08-08,S001,SKU-1012,2,25.98,1
2026-08-08,S001,SKU-1014,1,37.99,1
2026-08-08,S001,SKU-1015,1,18.99,1
2026-08-08,S001,SKU-1016,1,26.99,1
2026-08-08,S001,SKU-1024,2,259.98,1
2026-08-08,S001,SKU-1035,1,53.99,1
2026-08-08,S001,SKU-1055,1,20.99,1
2026-08-08,S001,SKU-1059,1,43.99,1
2026-08-08,S001,SKU-1066,1,50.99,1
2026-08-08,S001,SKU-1083,1,18.99,1
2026-08-08,S001,SKU-1092,3,83.97,1
2026-08-08,S001,SKU-1099,1,53.99,1
2026-08-08,S001,SKU-1105,1,37.99,1
2026-08-08,S001,SKU-1123,2,41.98,1
2026-08-08,S001,SKU-1129,2,227.98,1
2026-08-08,S001,SKU-1137,1,32.99,1
2026-08-08,S001,SKU-1150,1,22.99,1
2026-08-09,S001,SKU-1001,2,59.98,1
2026-08-09,S001,SKU-1077,1,121.99,1
2026-08-09,S001,SKU-1097,1,27.99,1
2026-08-09,S001,SKU-1112,1,31.99,1
2026-08-09,S001,SKU-1130,1,60.99,1
2026-08-09,S001,SKU-1134,1,16.99,1
2026-08-09,S002,SKU-2003,1,22.99,1
2026-08-09,S002,SKU-2008,1,18.99,1
2026-08-09,S002,SKU-2017,3,53.97,1
2026-08-10,S001,SKU-1001,1,29.99,1
2026-08-10,S001,SKU-1036,1,13.99,1
2026-08-10,S001,SKU-1042,1,32.99,1
2026-08-10,S001,SKU-1086,1,32.99,1
2026-08-10,S001,SKU-1090,1,22.99,1
2026-08-10,S001,SKU-1100,3,98.97,1
2026-08-10,S001,SKU-1105,3,113.97,1
2026-08-10,S001,SKU-1119,1,11.99,1
2026-08-10,S001,SKU-1120,3,74.97,1
2026-08-10,S001,SKU-1130,1,60.99,1
2026-08-10,S001,SKU-1136,1,27.99,1
2026-08-10,S001,SKU-1138,1,26.99,1
2026-08-10,S001,SKU-1146,1,17.99,1
2026-08-10,S002,SKU-2019,2,57.98,1
2026-08-10,S002,SKU-2021,1,32.99,1
2026-08-11,S001,SKU-1001,1,29.99,1
2026-08-11,S001,SKU-1007,1,31.2,1
2026-08-11,S001,SKU-1016,1,26.99,1
2026-08-11,S001,SKU-1027,1,34.99,1
2026-08-11,S001,SKU-1057,1,74.99,1
2026-08-11,S001,SKU-1074,1,26.99,1
2026-08-11,S001,SKU-1080,3,41.97,1
2026-08-11,S001,SKU-1086,1,32.99,1
2026-08-11,S001,SKU-1092,1,27.99,1
2026-08-11,S001,SKU-1094,1,21.99,1
2026-08-11,S001,SKU-1100,2,65.98,1
2026-08-11,S001,SKU-1117,1,9.99,1
2026-08-11,S001,SKU-1122,1,16.99,1
2026-08-11,S001,SKU-1130,1,60.99,1
2026-08-12,S001,SKU-1001,1,29.99,1
2026-08-12,S001,SKU-1002,1,22.5,1
2026-08-12,S001,SKU-1026,2,43.98,1
2026-08-12,S001,SKU-1046,1,21.99,1
2026-08-12,S001,SKU-1048,1,37.99,1
2026-08-12,S001,SKU-1051,2,43.98,1
2026-08-12,S001,SKU-1056,1,15.99,1
2026-08-12,S001,SKU-1063,1,52.99,1
2026-08-12,S001,SKU-1071,1,19.99,1
2026-08-12,S001,SKU-1072,3,230.97,1
2026-08-12,S001,SKU-1100,2,65.98,1
2026-08-12,S001,SKU-1110,1,32.99,1
2026-08-12,S001,SKU-1137,1,32.99,1
2026-08-12,S002,SKU-2005,1,19.99,1
2026-08-12,S002,SKU-2011,2,81.98,1
2026-08-12,S002,SKU-2019,2,57.98,1
2026-08-12,S002,SKU-2020,1,29.99,1
2026-08-13,S001,SKU-1001,1,29.99,1
2026-08-13,S001,SKU-1010,1,42.0,1
2026-08-13,S001,SKU-1036,1,13.99,1
2026-08-13,S001,SKU-1087,1,31.99,1
2026-08-13,S001,SKU-1104,2,169.98,1
2026-08-13,S001,SKU-1134,2,33.98,1
2026-08-13,S001,SKU-1141,1,21.99,1
2026-08-13,S001,SKU-1146,1,17.99,1
2026-08-14,S001,SKU-1001,1,29.99,1
2026-08-14,S001,SKU-1058,2,269.98,1
2026-08-14,S001,SKU-1062,2,49.98,1
2026-08-14,S001,SKU-1063,3,158.97,1
2026-08-14,S001,SKU-1104,3,254.97,1
2026-08-14,S002,SKU-2001,1,25.99,1
2026-08-14,S002,SKU-2003,1,22.99,1
2026-08-15,S001,SKU-1001,2,59.98,1
2026-08-15,S001,SKU-1003,1,58.0,1
2026-08-15,S001,SKU-1006,1,95.0,1
2026-08-15,S001,SKU-1026,3,65.97,1
2026-08-15,S001,SKU-1030,1,24.99,1
2026-08-15,S001,SKU-1037,2,207.98,1
2026-08-15,S001,SKU-1059,1,43.99,1
2026-08-15,S001,SKU-1075,1,43.99,1
2026-08-15,S001,SKU-1098,2,53.98,1
2026-08-15,S001,SKU-1100,1,32.99,1
2026-08-15,S001,SKU-1105,1,37.99,1
2026-08-15,S001,SKU-1108,3,89.97,1
2026-08-15,S001,SKU-1114,1,15.99,1
2026-08-15,S001,SKU-1123,1,20.99,1
2026-08-15,S001,SKU-1146,1,17.99,1
2026-08-15,S002,SKU-2001,1,25.99,1
2026-08-15,S002,SKU-2020,1,29.99,1
2026-08-15,S002,SKU-2021,1,32.99,1
2026-08-16,S001,SKU-1001,1,29.99,1
2026-08-16,S001,SKU-1002,1,22.5,1
2026-08-16,S001,SKU-1017,1,27.99,1
2026-08-16,S001,SKU-1040,1,21.99,1
2026-08-16,S001,SKU-1056,2,31.98,1
2026-08-16,S001,SKU-1084,1,29.99,1
2026-08-16,S001,SKU-1091,2,45.98,1
2026-08-16,S001,SKU-1109,1,27.99,1
2026-08-16,S001,SKU-1135,2,81.98,1
2026-08-16,S001,SKU-1136,1,27.99,1
2026-08-16,S002,SKU-2009,2,33.98,1
2026-08-17,S001,SKU-1001,2,59.98,1
2026-08-17,S001,SKU-1006,1,95.0,1
2026-08-17,S001,SKU-1017,2,55.98,1
2026-08-17,S001,SKU-1030,1,24.99,1
2026-08-17,S001,SKU-1051,1,21.99,1
2026-08-17,S001,SKU-1084,1,29.99,1
2026-08-17,S001,SKU-1088,2,37.98,1
2026-08-17,S001,SKU-1090,1,22.99,1
2026-08-17,S001,SKU-1135,2,81.98,1
2026-08-17,S001,SKU-1137,1,32.99,1
2026-08-17,S001,SKU-1139,1,18.99,1
2026-08-17,S001,SKU-1142,1,45.99,1
2026-08-17,S001,SKU-1146,3,53.97,1
2026-08-18,S001,SKU-1001,3,89.97,1
2026-08-18,S001,SKU-1006,1,89.0,1
2026-08-18,S001,SKU-1008,2,129.0,1
2026-08-18,S001,SKU-1043,1,20.99,1
2026-08-18,S001,SKU-1050,2,43.98,1
2026-08-18,S001,SKU-1061,1,50.99,1
2026-08-18,S001,SKU-1063,1,52.99,1
2026-08-18,S001,SKU-1066,1,50.99,1
2026-08-18,S001,SKU-1097,2,55.98,1
2026-08-18,S001,SKU-1107,1,24.99,1
2026-08-18,S001,SKU-1120,2,49.98,1
2026-08-18,S001,SKU-1139,2,37.98,1
2026-08-18,S001,SKU-1150,1,22.99,1
2026-08-18,S002,SKU-2009,2,33.98,1
2026-08-19,S001,SKU-1004,1,19.99,1
2026-08-19,S001,SKU-1024,1,129.99,1
2026-08-19,S001,SKU-1034,1,23.99,1
2026-08-19,S001,SKU-1040,1,21.99,1
2026-08-19,S001,SKU-1047,1,18.99,1
2026-08-19,S001,SKU-1115,1,18.99,1
2026-08-19,S001,SKU-1125,2,65.98,1
2026-08-19,S002,SKU-2001,1,25.99,1
2026-08-19,S002,SKU-2020,1,29.99,1
2026-08-19,S002,SKU-2021,2,65.98,1
2026-08-19,S002,SKU-2030,1,21.99,1
2026-08-20,S001,SKU-1001,2,59.98,1
2026-08-20,S001,SKU-1006,1,89.0,1
2026-08-20,S001,SKU-1014,1,37.99,1
2026-08-20,S001,SKU-1017,1,27.99,1
2026-08-20,S001,SKU-1047,1,18.99,1
2026-08-20,S001,SKU-1062,2,49.98,1
2026-08-20,S001,SKU-1078,1,56.99,1
2026-08-20,S001,SKU-1083,1,18.99,1
2026-08-20,S001,SKU-1086,1,32.99,1
2026-08-20,S001,SKU-1090,1,22.99,1
2026-08-20,S001,SKU-1093,1,18.99,1
2026-08-20,S001,SKU-1094,1,21.99,1
2026-08-20,S001,SKU-1103,1,82.99,1
2026-08-20,S001,SKU-1134,2,33.98,1
2026-08-20,S002,SKU-2008,2,37.98,1
2026-08-20,S002,SKU-2021,1,32.99,1
2026-08-21,S001,SKU-1001,1,29.99,1
2026-08-21,S001,SKU-1004,2,39.98,1
2026-08-21,S001,SKU-1005,2,55.5,1
2026-08-21,S001,SKU-1063,2,105.98,1
2026-08-21,S001,SKU-1072,2,153.98,1
2026-08-21,S001,SKU-1100,1,32.99,1
2026-08-21,S001,SKU-1127,1,22.99,1
2026-08-21,S001,SKU-1135,1,40.99,1
2026-08-21,S002,SKU-2005,1,19.99,1
2026-08-21,S002,SKU-2028,2,61.98,1
2026-08-22,S001,SKU-1010,1,42.0,1
2026-08-22,S001,SKU-1020,1,19.99,1
2026-08-22,S001,SKU-1076,1,23.99,1
2026-08-22,S001,SKU-1096,2,41.98,1
2026-08-22,S001,SKU-1123,2,41.98,1
2026-08-22,S001,SKU-1134,1,16.99,1
2026-08-22,S001,SKU-1136,1,27.99,1
2026-08-22,S001,SKU-1147,1,49.99,1
2026-08-22,S002,SKU-2026,1,20.99,1
2026-08-23,S001,SKU-1001,1,29.99,1
2026-08-23,S001,SKU-1006,1,89.0,1
2026-08-23,S001,SKU-1017,1,27.99,1
2026-08-23,S001,SKU-1037,3,311.97,1
2026-08-23,S001,SKU-1056,1,15.99,1
2026-08-23,S001,SKU-1067,1,12.99,1
2026-08-23,S001,SKU-1111,1,16.99,1
2026-08-23,S001,SKU-1120,1,24.99,1
2026-08-23,S001,SKU-1149,1,31.99,1
2026-08-24,S001,SKU-1001,1,29.99,1
2026-08-24,S001,SKU-1003,1,58.0,1
2026-08-24,S001,SKU-1012,1,12.99,1
2026-08-24,S001,SKU-1020,1,19.99,1
2026-08-24,S001,SKU-1026,1,21.99,1
2026-08-24,S001,SKU-1027,2,69.98,1
2026-08-24,S001,SKU-1064,1,11.99,1
2026-08-24,S001,SKU-1093,3,56.97,1
2026-08-24,S001,SKU-1105,1,37.99,1
2026-08-24,S001,SKU-1109,1,27.99,1
2026-08-24,S001,SKU-1111,1,16.99,1
2026-08-24,S001,SKU-1131,3,50.97,1
2026-08-24,S002,SKU-2030,1,21.99,1
2026-08-25,S001,SKU-1014,1,37.99,1
2026-08-25,S001,SKU-1020,1,19.99,1
2026-08-25,S001,SKU-1029,1,39.99,1
2026-08-25,S001,SKU-1053,1,31.99,1
2026-08-25,S001,SKU-1057,1,74.99,1
2026-08-25,S001,SKU-1067,1,12.99,1
2026-08-25,S001,SKU-1070,1,46.99,1
2026-08-25,S001,SKU-1073,2,109.98,1
2026-08-25,S001,SKU-1085,1,15.99,1
2026-08-25,S001,SKU-1100,1,32.99,1
2026-08-25,S001,SKU-1135,1,40.99,1
2026-08-25,S002,SKU-2013,3,98.97,1
2026-08-26,S001,SKU-1001,1,34.99,1
2026-08-26,S001,SKU-1007,2,62.4,1
2026-08-26,S001,SKU-1012,2,25.98,1
2026-08-26,S001,SKU-1020,1,19.99,1
2026-08-26,S001,SKU-1023,2,65.98,1
2026-08-26,S001,SKU-1051,1,21.99,1
2026-08-26,S001,SKU-1053,1,31.99,1
2026-08-26,S001,SKU-1059,3,131.97,1
2026-08-26,S001,SKU-1061,1,50.99,1
2026-08-26,S001,SKU-1072,2,153.98,1
2026-08-26,S001,SKU-1076,1,23.99,1
2026-08-26,S001,SKU-1095,1,66.99,1
2026-08-26,S001,SKU-1096,2,41.98,1
2026-08-26,S001,SKU-1100,1,32.99,1
2026-08-26,S001,SKU-1111,2,33.98,1
2026-08-26,S001,SKU-1129,2,227.98,1
2026-08-26,S001,SKU-1138,1,26.99,1
2026-08-26,S001,SKU-1147,1,49.99,1
2026-08-26,S002,SKU-2001,2,51.98,1
2026-08-26,S002,SKU-2003,2,45.98,1
2026-08-27,S001,SKU-1003,2,116.0,1
2026-08-27,S001,SKU-1067,2,25.98,1
2026-08-27,S001,SKU-1072,1,76.99,1
2026-08-27,S001,SKU-1096,2,41.98,1
2026-08-27,S001,SKU-1136,1,27.99,1
2026-08-27,S001,SKU-1137,1,32.99,1
2026-08-27,S002,SKU-2017,1,17.99,1
2026-08-28,S001,SKU-1001,1,34.99,1
2026-08-28,S001,SKU-1007,1,31.2,1
2026-08-28,S001,SKU-1014,1,37.99,1
2026-08-28,S001,SKU-1047,1,18.99,1
2026-08-28,S001,SKU-1061,1,50.99,1
2026-08-28,S001,SKU-1099,1,53.99,1
2026-08-28,S001,SKU-1131,1,16.99,1
2026-08-28,S002,SKU-2008,1,18.99,1
2026-08-29,S001,SKU-1001,1,34.99,1
2026-08-29,S001,SKU-1020,1,19.99,1
2026-08-29,S001,SKU-1029,1,39.99,1
2026-08-29,S001,SKU-1040,1,21.99,1
2026-08-29,S001,SKU-1054,1,45.99,1
2026-08-29,S001,SKU-1059,1,43.99,1
2026-08-29,S001,SKU-1062,3,74.97,1
2026-08-29,S001,SKU-1069,2,59.98,1
2026-08-29,S001,SKU-1082,1,31.99,1
2026-08-29,S001,SKU-1086,1,32.99,1
2026-08-29,S001,SKU-1091,1,22.99,1
2026-08-29,S001,SKU-1111,1,16.99,1
2026-08-29,S001,SKU-1118,2,31.98,1
2026-08-29,S001,SKU-1126,1,27.99,1
2026-08-29,S001,SKU-1128,1,87.99,1
2026-08-29,S001,SKU-1135,1,40.99,1
2026-08-29,S001,SKU-1139,2,37.98,1
2026-08-29,S001,SKU-1142,1,45.99,1
2026-08-29,S002,SKU-2022,2,63.98,1
2026-08-30,S001,SKU-1005,2,55.5,1
2026-08-30,S001,SKU-1006,1,89.0,1
2026-08-30,S001,SKU-1054,1,45.99,1
2026-08-30,S001,SKU-1071,1,19.99,1
2026-08-30,S001,SKU-1072,2,153.98,1
2026-08-30,S001,SKU-1074,1,26.99,1
2026-08-30,S001,SKU-1088,2,37.98,1
2026-08-30,S001,SKU-1100,1,32.99,1
2026-08-30,S001,SKU-1114,1,15.99,1
2026-08-30,S002,SKU-2008,1,18.99,1
2026-08-30,S002,SKU-2017,2,35.98,1
2026-08-31,S001,SKU-1007,1,31.2,1
2026-08-31,S001,SKU-1016,2,53.98,1
2026-08-31,S001,SKU-1036,2,27.98,1
2026-08-31,S001,SKU-1040,2,43.98,1
2026-08-31,S001,SKU-1043,1,20.99,1
2026-08-31,S001,SKU-1045,1,30.99,1
2026-08-31,S001,SKU-1053,1,31.99,1
2026-08-31,S001,SKU-1078,2,113.98,1
2026-08-31,S001,SKU-1088,1,18.99,1
2026-08-31,S001,SKU-1095,2,133.98,1
2026-08-31,S001,SKU-1097,1,27.99,1
2026-08-31,S001,SKU-1099,2,107.98,1
2026-08-31,S001,SKU-1106,1,34.99,1
2026-08-31,S001,SKU-1134,1,16.99,1
2026-08-31,S001,SKU-1150,2,45.98,1
2026-08-31,S002,SKU-2026,2,41.98,1
2026-09-01,S001,SKU-1001,3,104.97,1
2026-09-01,S001,SKU-1004,5,99.95,1
2026-09-01,S001,SKU-1033,1,30.99,1
2026-09-01,S001,SKU-1072,1,76.99,1
2026-09-01,S001,SKU-1087,1,31.99,1
2026-09-01,S001,SKU-1097,2,55.98,1
2026-09-01,S001,SKU-1114,1,15.99,1
2026-09-01,S001,SKU-1128,1,87.99,1
2026-09-01,S002,SKU-2022,2,63.98,1
2026-09-02,S001,SKU-1010,2,84.0,1
2026-09-02,S001,SKU-1029,1,39.99,1
2026-09-02,S001,SKU-1042,1,32.99,1
2026-09-02,S001,SKU-1060,1,18.99,1
2026-09-02,S001,SKU-1084,1,29.99,1
2026-09-02,S001,SKU-1088,1,18.99,1
2026-09-02,S001,SKU-1111,1,16.99,1
2026-09-02,S001,SKU-1117,1,9.99,1
2026-09-02,S001,SKU-1127,2,45.98,1
2026-09-02,S001,SKU-1148,2,73.98,1
2026-09-03,S001,SKU-1006,1,89.0,1
2026-09-03,S001,SKU-1020,1,19.99,1
2026-09-03,S001,SKU-1027,1,34.99,1
2026-09-03,S001,SKU-1032,1,29.99,1
2026-09-03,S001,SKU-1050,1,21.99,1
2026-09-03,S001,SKU-1078,1,56.99,1
2026-09-03,S001,SKU-1084,1,29.99,1
2026-09-03,S001,SKU-1129,1,113.99,1
2026-09-03,S002,SKU-2029,1,19.99,1
2026-09-04,S001,SKU-1007,4,124.8,1
2026-09-04,S001,SKU-1026,1,21.99,1
2026-09-04,S001,SKU-1029,2,79.98,1
2026-09-04,S001,SKU-1036,2,27.98,1
2026-09-04,S001,SKU-1041,1,57.99,1
2026-09-04,S001,SKU-1046,1,21.99,1
2026-09-04,S001,SKU-1053,1,31.99,1
2026-09-04,S001,SKU-1055,1,20.99,1
2026-09-04,S001,SKU-1057,1,74.99,1
2026-09-04,S001,SKU-1059,1,43.99,1
2026-09-04,S001,SKU-1083,2,37.98,1
2026-09-04,S001,SKU-1109,1,27.99,1
2026-09-04,S001,SKU-1141,1,21.99,1
2026-09-04,S002,SKU-2005,1,19.99,1
2026-09-04,S002,SKU-2015,1,16.99,1
2026-09-05,S001,SKU-1001,2,69.98,1
2026-09-05,S001,SKU-1046,1,21.99,1
2026-09-05,S001,SKU-1047,1,18.99,1
2026-09-05,S001,SKU-1048,1,37.99,1
2026-09-05,S001,SKU-1087,1,31.99,1
2026-09-05,S001,SKU-1125,2,65.98,1
2026-09-05,S001,SKU-1131,1,16.99,1
2026-09-05,S001,SKU-1135,1,40.99,1
2026-09-05,S001,SKU-1138,1,26.99,1
2026-09-05,S002,SKU-2019,1,28.99,1
2026-09-05,S002,SKU-2026,1,20.99,1
2026-09-06,S001,SKU-1048,2,75.98,1
2026-09-06,S001,SKU-1098,1,26.99,1
2026-09-06,S001,SKU-1100,1,32.99,1
2026-09-06,S001,SKU-1145,1,105.99,1
2026-09-07,S001,SKU-1009,6,85.5,1
2026-09-07,S001,SKU-1018,2,75.98,1
2026-09-07,S001,SKU-1027,1,34.99,1
2026-09-07,S001,SKU-1030,1,24.99,1
2026-09-07,S001,SKU-1036,1,13.99,1
2026-09-07,S001,SKU-1058,2,269.98,1
2026-09-07,S001,SKU-1059,1,43.99,1
2026-09-07,S001,SKU-1061,1,50.99,1
2026-09-07,S001,SKU-1067,2,25.98,1
2026-09-07,S001,SKU-1081,2,45.98,1
2026-09-07,S001,SKU-1135,1,40.99,1
2026-09-07,S001,SKU-1138,1,26.99,1
2026-09-07,S001,SKU-1150,1,22.99,1
2026-09-07,S002,SKU-2030,2,43.98,1
2026-09-08,S001,SKU-1003,1,58.0,1
2026-09-08,S001,SKU-1025,1,37.99,1
2026-09-08,S001,SKU-1043,1,20.99,1
2026-09-08,S001,SKU-1066,1,50.99,1
2026-09-08,S001,SKU-1082,1,31.99,1
2026-09-08,S001,SKU-1127,2,45.98,1
2026-09-08,S001,SKU-1134,1,16.99,1
2026-09-08,S001,SKU-1139,2,37.98,1
2026-09-08,S002,SKU-2021,2,65.98,1
2026-09-09,S001,SKU-1019,1,37.99,1
2026-09-09,S001,SKU-1052,2,27.98,1
2026-09-09,S001,SKU-1054,1,45.99,1
2026-09-09,S001,SKU-1087,1,31.99,1
2026-09-09,S001,SKU-1099,1,53.99,1
2026-09-09,S001,SKU-1103,1,82.99,1
2026-09-09,S001,SKU-1128,1,87.99,1
2026-09-09,S001,SKU-1131,2,33.98,1
2026-09-09,S001,SKU-1142,3,137.97,1
2026-09-09,S001,SKU-1149,1,31.99,1
2026-09-09,S002,SKU-2014,2,59.98,1
2026-09-10,S001,SKU-1010,3,126.0,1
2026-09-10,S001,SKU-1025,2,75.98,1
2026-09-10,S001,SKU-1036,1,13.99,1
2026-09-10,S001,SKU-1056,1,15.99,1
2026-09-10,S001,SKU-1114,1,15.99,1
2026-09-10,S001,SKU-1134,1,16.99,1
2026-09-10,S001,SKU-1139,1,18.99,1
2026-09-11,S001,SKU-1020,3,59.97,1
2026-09-11,S001,SKU-1049,1,31.99,1
2026-09-11,S001,SKU-1051,1,21.99,1
2026-09-11,S001,SKU-1070,1,46.99,1
2026-09-11,S001,SKU-1087,1,31.99,1
2026-09-11,S001,SKU-1107,1,24.99,1
2026-09-11,S001,SKU-1142,1,45.99,1
2026-09-11,S002,SKU-2027,1,23.99,1
2026-09-12,S001,SKU-1004,2,39.98,1
2026-09-12,S001,SKU-1023,1,32.99,1
2026-09-12,S001,SKU-1024,1,129.99,1
2026-09-12,S001,SKU-1026,1,21.99,1
2026-09-12,S001,SKU-1119,1,11.99,1
2026-09-12,S001,SKU-1122,1,16.99,1
2026-09-12,S001,SKU-1135,1,40.99,1
2026-09-12,S001,SKU-1136,2,55.98,1
2026-09-12,S002,SKU-2008,2,37.98,1
2026-09-13,S001,SKU-1001,1,34.99,1
2026-09-13,S001,SKU-1058,1,134.99,1
2026-09-13,S001,SKU-1059,2,87.98,1
2026-09-13,S001,SKU-1095,1,66.99,1
2026-09-13,S001,SKU-1119,1,11.99,1
2026-09-13,S001,SKU-1129,1,113.99,1
2026-09-13,S001,SKU-1134,1,16.99,1
2026-09-13,S001,SKU-1138,2,53.98,1
2026-09-13,S001,SKU-1140,1,41.99,1
2026-09-13,S002,SKU-2014,1,29.99,1
2026-09-13,S002,SKU-2022,1,31.99,1
2026-09-14,S001,SKU-1058,2,269.98,1
2026-09-14,S001,SKU-1069,1,29.99,1
2026-09-14,S001,SKU-1113,1,37.99,1
2026-09-14,S001,SKU-1114,1,15.99,1
2026-09-14,S001,SKU-1150,1,22.99,1
2026-09-15,S001,SKU-1005,2,55.5,1
2026-09-15,S001,SKU-1017,1,27.99,1
2026-09-15,S001,SKU-1023,1,32.99,1
2026-09-15,S001,SKU-1043,1,20.99,1
2026-09-15,S001,SKU-1062,1,24.99,1
2026-09-15,S001,SKU-1072,1,76.99,1
2026-09-15,S001,SKU-1086,1,32.99,1
2026-09-15,S001,SKU-1105,1,37.99,1
2026-09-15,S001,SKU-1114,1,15.99,1
2026-09-15,S001,SKU-1115,1,18.99,1
2026-09-15,S001,SKU-1119,2,23.98,1
2026-09-15,S001,SKU-1122,1,16.99,1
2026-09-15,S001,SKU-1134,1,16.99,1
2026-09-15,S001,SKU-1138,1,26.99,1
2026-09-15,S002,SKU-2025,1,19.99,1
